horizon,mse,rmse,mae,mape,mdape,smape,coverage
51 days,63.18185319412553,7.9487013526818036,5.603861080029793,1.0446711131992028,1.0048006692394318,1.786052607726291,0.6158979969571279
52 days,63.228347372510264,7.9516254547425875,5.607075976943021,1.0453535746456373,1.0047000501588643,1.7866442899541324,0.6160484828894128
53 days,63.27167972726531,7.954349736293049,5.610131888953414,1.0460061001216794,1.0046581026466646,1.7871725254609159,0.6159731104173045
54 days,63.322005784192065,7.957512537482556,5.613570697788092,1.0466765405939427,1.0044818539152034,1.787687166696524,0.6158094148765056
55 days,63.36876859957734,7.960450276182708,5.616529276756573,1.0471292128923282,1.0042814146899368,1.788091463206705,0.6157813796502524
56 days,63.4214133423774,7.9637562332342515,5.619953521215987,1.0474950788819963,1.0043166067172473,1.7883544206749566,0.615666001382747
57 days,63.47003910179484,7.966808589504008,5.622974027553949,1.048018698509208,1.0043565084946233,1.7887019744805333,0.6157491458030491
58 days,63.51692125344074,7.969750388402433,5.625964924183007,1.0499793481349455,1.0044818539152034,1.7890971222475474,0.6158560370242016
59 days,63.56676374191145,7.972876754466449,5.629117794121716,1.0516376848188147,1.004498768114408,1.7895117307536625,0.6156154149397046
60 days,63.61565394161103,7.975942197735075,5.632164942875386,1.0532271815066359,1.0046531601541924,1.789889600122342,0.6155527340522469
61 days,63.664803407741104,7.9790227100655065,5.634966847428563,1.0548290382489232,1.0045614696605034,1.7901874880556397,0.615427631289263
62 days,63.711284450588664,7.981934881379869,5.6376861558198135,1.0564870586894732,1.0045614696605034,1.7904126951857455,0.6151684166526293
63 days,63.751493107808066,7.98445321282604,5.640158095135412,1.058387275609608,1.0045614696605034,1.7907415120870338,0.6151100327424047
64 days,63.78361633260845,7.986464570296951,5.642082654113665,1.0602077601053075,1.0044818539152034,1.7909296965688057,0.6151023892559389
65 days,63.81972898217969,7.9887251161984345,5.644248561185339,1.0620387231515254,1.0044514639930666,1.7912238414686787,0.615243732817796
66 days,63.864413408968616,7.991521345086217,5.646776330886968,1.0638747713111658,1.0044166724858605,1.791462456452372,0.6150790086828514
67 days,63.908038761571774,7.994250356448175,5.649179785348996,1.0657377772762207,1.0045109470293696,1.7917033079890623,0.6149969391684242
68 days,63.959137768174244,7.9974457027337325,5.652092161416481,1.067582632272522,1.0044818539152034,1.7919191917885446,0.6147445366995253
69 days,64.0126020143479,8.000787587128402,5.655143113537757,1.0693832650738404,1.0045061628067578,1.7920761945199077,0.6146109666687906
70 days,64.06088043668292,8.003804122833275,5.657958675596867,1.0711429531566976,1.0044818539152034,1.7921630048424466,0.6143355356329584
71 days,64.1047264747975,8.006542729218243,5.660391716524599,1.0727231115031037,1.0043184335259827,1.7922293474029607,0.6140025476413596
72 days,64.15458653565787,8.009655831286253,5.663145133021071,1.0744331976470016,1.0042437897735765,1.7922851903862884,0.6135862726091189
73 days,64.20510686774593,8.012808924949223,5.665837302817032,1.0760746700041457,1.004154480571906,1.7921834808172312,0.6136115644720556
74 days,64.26629390718185,8.016626092514347,5.669426458219145,1.0778065951573226,1.004065312097606,1.7921614175417377,0.6131397938042162
75 days,64.33055993042264,8.020633387109939,5.673240239578439,1.0794506999914388,1.0039813325256297,1.7920823557694427,0.6127273815902078
76 days,64.39683819029088,8.024764058231924,5.677218843143292,1.0812199901301942,1.0039267445585462,1.7921893007671776,0.6121433599960215
77 days,64.4650375180153,8.029012238003832,5.6815565366332255,1.0833452697110701,1.0037986126847498,1.7922405292873793,0.6118280542610027
78 days,64.53267497204003,8.033223199441183,5.685796558220685,1.0848474450269885,1.0036782873906516,1.7921386314910728,0.6115181051930338
79 days,64.60453838491362,8.037694842734055,5.690336733573414,1.0862320490896877,1.0036782873906516,1.7921226353946254,0.6111912880371553
80 days,64.67324980253555,8.041968030434811,5.694576526703597,1.0875200571989883,1.0035847038767913,1.7920255580199687,0.6109788880045339
81 days,64.74258663781067,8.04627781261688,5.698970713747409,1.0888488917825128,1.003658448481399,1.7920030568544696,0.6106854507784216
82 days,64.81540664369174,8.050801614975477,5.703612261171759,1.0901860685061933,1.003547985834357,1.7919097080102993,0.6102936849831371
83 days,64.89054499997378,8.055466777286949,5.708474022838894,1.0913933500026616,1.0035011845404966,1.7918385786928803,0.610020757216202
84 days,64.9614848663131,8.059868787164783,5.713436656473626,1.092658313511831,1.0035011845404966,1.7918720626341813,0.6097427323072572
85 days,65.02735293430383,8.063953926846546,5.718244118313692,1.0939558065821609,1.003357276124678,1.7918948121364038,0.6091771553548386
86 days,65.09826438112478,8.068349545051007,5.723389528159477,1.0951434895193857,1.0032296680749289,1.791799832454535,0.6085085440042284
87 days,65.15930296533246,8.072131252979752,5.727845216888175,1.096400958310114,1.0032085471561643,1.7918824051617608,0.6080365152561549
88 days,65.22158573595043,8.075988220394482,5.732373543542143,1.097655460668237,1.0031303030048369,1.7919913408624126,0.6073629258452903
89 days,65.28591599613007,8.079970049209964,5.73684927422391,1.0988307172009597,1.0030512214573495,1.792010956797875,0.6070684562982417
90 days,65.3521198593571,8.08406580003881,5.7412940546791535,1.0999209142780004,1.002874251018064,1.7919997576244175,0.6063575514669658
91 days,65.41164554942719,8.087746629898046,5.745524611965117,1.1010709447700295,1.002874251018064,1.7920120306992657,0.6059895687111244
92 days,65.46995544715294,8.091350656543872,5.7498484986469265,1.1021907919656753,1.0028550848936633,1.7921105366370882,0.6054007613914743
93 days,65.5352915126657,8.095387051442673,5.754788467876784,1.1034297579076244,1.0028664265635507,1.792193014531774,0.6048327072306856
94 days,65.59876702211272,8.099306576622022,5.759438854376633,1.1047397633502765,1.0026041950363243,1.7923230616388721,0.6042540913459504
95 days,65.65013809520242,8.102477281375272,5.7631643642544885,1.106095737244308,1.0028274409798694,1.7924630276204023,0.6039080057520922
96 days,65.70125721118549,8.105631203748755,5.766862629911181,1.1072744850064666,1.002721086482143,1.7925401529317735,0.6034948192973818
97 days,65.75466480739816,8.108925009358401,5.770880867062869,1.1081346119908277,1.0025852579513117,1.7925752777092232,0.6029528396255102
98 days,65.80127977494459,8.111798800201136,5.7745945221754145,1.1090973960765407,1.0026041950363243,1.7926340150040267,0.6024308479997338
99 days,65.84523125379972,8.114507456019727,5.7781809896991225,1.1099294922720533,1.0026307570983501,1.792691408504809,0.6016961137331752
100 days,65.88617026566497,8.11702964548393,5.781591897879728,1.1109023513298082,1.0026779447319458,1.792837333625721,0.6012650060752087
101 days,65.91903314523077,8.119053709960957,5.784519632600099,1.1117755712297326,1.002748584208132,1.7929735172233892,0.6011529992536319
102 days,65.95200491459545,8.121083974113027,5.7874891306366285,1.1125983235241,1.0025733766665348,1.7930908887556682,0.6004231483517447
103 days,65.98524144838625,8.123130027790165,5.7905034107589435,1.113372191813295,1.0025852579513117,1.7931793484900695,0.5999955094039275
104 days,66.02039229501352,8.125293366704584,5.793598687532781,1.1141605983397371,1.0027171885574866,1.7932994069141817,0.5993681144915621
105 days,66.0598626012517,8.127721858014809,5.7971561316824385,1.1151457358872368,1.0026041950363243,1.7934644556954316,0.5987850439108183
106 days,66.09637635072536,8.129967795183777,5.800542974585655,1.1160943518009467,1.0025733766665348,1.7936748393638438,0.5981738104747534
107 days,66.13276588557926,8.132205474874528,5.803772009992389,1.1169273419944719,1.0025359293177,1.79386419595942,0.5977215644617324
108 days,66.19438042893943,8.135992897547258,5.8082567039338695,1.1169021233716916,1.0023979689924187,1.793991028942894,0.59690912788495
109 days,66.25746172970247,8.139868655555965,5.812870976018331,1.1163136222842225,1.0024653680364672,1.7941713696813149,0.5964373572171106
110 days,66.32727521402569,8.14415589327867,5.818013494285471,1.1157415112805775,1.0023910637289468,1.7943585875634736,0.5958448049997368
111 days,66.39750942384295,8.148466691583328,5.823080843108266,1.1152958621543214,1.0024365821114904,1.7946080722052038,0.5953174268925873
112 days,66.45918922617449,8.152250562033437,5.827531838744887,1.1146707498513808,1.0023979689924187,1.794708167335199,0.5948135219949217
113 days,66.51464265806989,8.155650964703547,5.831606692180341,1.1137891862805984,1.0021176617091796,1.7947947684565704,0.5944005246545688
114 days,66.57502583159683,8.159352047288856,5.835784835310493,1.1129803041337192,1.002211058540043,1.7948056413868845,0.5940728261127646
115 days,66.63690218568101,8.163142911016626,5.8401195507244905,1.1121952518823748,1.0024365821114904,1.7949338589096817,0.5931901917123211
116 days,66.69893622799356,8.166941669192548,5.844475602991038,1.1114099197484668,1.0021633513920944,1.7950250384020119,0.5926819804881132
117 days,66.75982386879846,8.170668508071936,5.84868822266829,1.1106022376549567,1.0022932403971558,1.7951497233558835,0.5920523224822875
118 days,66.81394569406716,8.173979795305783,5.85249114965939,1.1099087939653267,1.0023314590428012,1.7953524711237514,0.5917294706786368
119 days,66.86380647501022,8.17702919616961,5.856087246867575,1.1091916693044606,1.0021283471364297,1.7953969762808901,0.5913309591828748
120 days,66.9219047418498,8.180580953810665,5.860221515526647,1.108599033566128,1.002211058540043,1.7954788046283334,0.590811845834867
121 days,66.97905914286835,8.184073505465866,5.864032864237618,1.108134169895662,1.0022685507626827,1.7954284569098546,0.5904114818953249
122 days,67.03914817054023,8.18774377777787,5.868239836859841,1.1076696653439215,1.0020989846848307,1.795487739382787,0.5899908465183358
123 days,67.09953793406216,8.19143076233097,5.872437145300419,1.107173731258937,1.002251777459042,1.7955775656595827,0.5896984220475101
124 days,67.15967878384592,8.195100901382846,5.876458712884587,1.1066400720701262,1.0024365821114904,1.7956570778046381,0.5892731244557512
125 days,67.21534601998053,8.198496570712251,5.879935941911859,1.1060539495487374,1.002375445753277,1.795654664923367,0.5888934120255126
126 days,67.26263912197706,8.201380318091404,5.882947348310019,1.1056026142015045,1.0023648068488553,1.7956992645416578,0.5881511629423812
127 days,67.30204538061395,8.203782382572928,5.885328192414753,1.1051118650056713,1.0023144099148815,1.795672332898604,0.5878627087661507
128 days,67.37120347295536,8.207996312922866,5.889157603467193,1.104558571646655,1.0023144099148815,1.795785491444886,0.5875051090103517
129 days,67.44743886403671,8.212638970759443,5.893684349545014,1.1044299166810048,1.0023979689924187,1.7961081864437103,0.5867311813586005
130 days,67.52091681356252,8.217111220712697,5.898052878113957,1.1044045215169853,1.0023979689924187,1.7964750099042217,0.586128978617529
131 days,67.60092938345598,8.221978434869309,5.902788375838195,1.1044909387599489,1.0023979689924187,1.7969246775088856,0.5856707865104513
132 days,67.68290384942235,8.226962006076262,5.907553499897778,1.1046903909692263,1.0023979689924187,1.797320639070898,0.5848789982968051
133 days,67.77530371695111,8.23257576442216,5.912879901494728,1.1048666588738796,1.0024730907796044,1.7977848785894393,0.5840005739704406
134 days,67.8673169890045,8.23816223371478,5.918197192433821,1.105078631110108,1.00249066509423,1.7981328639159715,0.5830572660290604
135 days,67.97226289777765,8.244529270842433,5.924244651225096,1.1053424043326805,1.002502150598359,1.7985583713231281,0.5820539438969795
136 days,68.07839160566078,8.250963071403289,5.9302420422758795,1.1056696840371487,1.002502150598359,1.7990549510161589,0.5812797572332967
137 days,68.17922634962534,8.257071293723056,5.935899729577541,1.1059999167066636,1.0025226869137407,1.799531914964964,0.5805182621542644
138 days,68.27933310831025,8.263130950693585,5.941299960825659,1.1063148362632111,1.002571713213932,1.7999112773051569,0.5800525587011691
139 days,68.37370224627468,8.268839232097495,5.946187080898465,1.1065581227120844,1.0025225037809748,1.8002953414697114,0.5798681947589844
140 days,68.46402364226941,8.274298981924053,5.951106543356078,1.1068434418611384,1.0025227890927262,1.8007664080336605,0.5791985285485071
141 days,68.54805088303121,8.279375029736919,5.955583368121265,1.1072715960110489,1.0025251504237898,1.8012171475658816,0.5785356891076632
142 days,68.63629511886202,8.284702476182353,5.960334331860914,1.107622035288731,1.002543279168365,1.8016838270100388,0.5781620306121023
143 days,68.73032309994919,8.290375329256763,5.965508572740894,1.1078469355482163,1.0025251504237898,1.8021756606766712,0.5779908237252858
144 days,68.8256125706246,8.296120332458095,5.970698067855683,1.1078888509698894,1.0026258626324531,1.8026592168933189,0.5773010749513188
145 days,68.92428887572761,8.302065337958236,5.976215885576655,1.1079660341890527,1.0026491773675574,1.8031362562437387,0.5768246957020844
146 days,69.02047598203158,8.307856280776141,5.981544410125232,1.1081039614418762,1.0026994309695192,1.8036360852848743,0.5762050118055284
147 days,69.11327841037286,8.313439625712865,5.9867106166894795,1.108302477262081,1.0028485238337803,1.804174569095451,0.5756865911916486
148 days,69.19672123853606,8.318456662057937,5.991197438013645,1.1084492119563731,1.002790451910005,1.804509387134585,0.5749725407323341
149 days,69.28950097981155,8.324031534047162,5.996459789132575,1.1085551551367885,1.002850397583241,1.8048293186602773,0.5744570676349299
150 days,69.3793855807792,8.32942888683127,6.0013277154710085,1.1086147260381916,1.0027983503439704,1.8051805472185898,0.574129530155284
151 days,69.47049325426565,8.334896115385341,6.006245080529113,1.1086426766036144,1.002954264870463,1.8055380485344918,0.5733995894863588
152 days,69.56410939667437,8.34051014007383,6.011325506709385,1.1088352722918142,1.002887289906916,1.805968741056871,0.5729756453906261
153 days,69.66011247747316,8.34626338414222,6.016532796907016,1.1092442462388983,1.003235602295009,1.8064415403406873,0.5724483752723099
154 days,69.7635965556382,8.35246050907385,6.022320291162721,1.1096732660300328,1.0033474098705701,1.8069642783299107,0.5719248852844663
155 days,69.85791955288636,8.358105021647333,6.027604978992772,1.109983024224934,1.0034965956483672,1.8075312531659478,0.5714710601494932
156 days,69.95066970206649,8.36365169660158,6.032997718188429,1.1102041082249614,1.0034897729032144,1.8082126338081281,0.5710740733808731
157 days,70.08674033119283,8.371782386755692,6.040183148122154,1.1103306240346018,1.0036885352082034,1.808846703525902,0.5703722073530605
158 days,70.22556937729294,8.380069771624395,6.047749730969866,1.1104830367738272,1.0034897729032144,1.8094881457366687,0.5695564830585138
159 days,70.35270973134413,8.387652218072953,6.054634774261137,1.1105836469958243,1.0035383112242688,1.8100801644113427,0.5688234229850206
160 days,70.48157325317418,8.395330443358032,6.061564287895751,1.1106914432746955,1.003593662153907,1.810712770614716,0.5682896985350709
161 days,70.63090432874993,8.40421943601843,6.06931029433932,1.1108220186133462,1.0036885352082034,1.8111918138123462,0.56762796241541
162 days,70.77925716296697,8.413040898686216,6.07724899942574,1.1110649387128242,1.0037124485008935,1.8117710443710813,0.567119320627715
163 days,70.9390650256211,8.422533171535813,6.085763226550325,1.1114288140719875,1.0038144400004805,1.8124796916518373,0.5662756493040608
164 days,71.1212556785129,8.433341904518807,6.095066128905049,1.1118915503542297,1.0037124485008935,1.8130846875152342,0.5653832396472162
165 days,71.30650484082413,8.444317902638682,6.104872871092296,1.1124052201841996,1.003716167916647,1.813839729428557,0.5644812118262866
166 days,71.49552515534361,8.455502655392145,6.1148325396420935,1.1129253388029894,1.0036813058684053,1.814470329465084,0.5638243172143301
167 days,71.68164576966466,8.466501388983803,6.12449049129141,1.1134102010260145,1.003716167916647,1.8151569515388823,0.563079612309057
168 days,71.92381559995506,8.480790977258847,6.1360229051841655,1.113874495746913,1.0037250757578906,1.8156888320244446,0.5621783854043926
169 days,72.19873707986339,8.496983999035386,6.148923973326365,1.114042479342514,1.003716167916647,1.8163322280540353,0.5610068782187645
170 days,72.47443191623847,8.513191640990968,6.16208140590014,1.1141820313637307,1.0038218942184305,1.817133263226423,0.5599277319036251
171 days,72.76184812516112,8.530055575736956,6.1758095403178555,1.1143260768384498,1.0038568421862817,1.8179705521065466,0.5588066632750232
172 days,73.05260938914155,8.547081922454092,6.189490366999503,1.1144577766092223,1.0040390015657286,1.8187943971681306,0.5578236084478013
173 days,73.34581409360956,8.564217074176106,6.203218390607583,1.1145589217815928,1.0040062517312085,1.8194840836529265,0.5566039212616913
174 days,73.6397875694645,8.581362803743033,6.216957068508091,1.1145990424585765,1.0040420220302133,1.8201477382312772,0.5555038842506911
175 days,73.9544285683658,8.599676073455662,6.231644199483804,1.1148141594666299,1.004118529495408,1.8207809148250145,0.5544641181748371
176 days,74.27047962162523,8.61803223605164,6.246647662964983,1.1150156287164135,1.004152206579164,1.821451830644565,0.5536348144493917
177 days,74.59496965764397,8.636837943231537,6.262376909060726,1.1149932913236558,1.004321386771717,1.8220535331800345,0.5528144118759702
178 days,74.92963104369166,8.656190330837907,6.2784665797001304,1.1150679922913838,1.004321386771717,1.8226434716580617,0.5515461980980706
179 days,75.25620694098014,8.675033541202025,6.294170214199443,1.115269667385757,1.004383842293013,1.8232313737038477,0.5506442818194863
180 days,75.58681095254997,8.694067572347823,6.310078243893342,1.1154321934422893,1.0044089112916337,1.8237098849543163,0.549866801424944
181 days,75.91897506054353,8.713149548845328,6.3258605126070035,1.1154432129257743,1.0044400367784396,1.8240453294478853,0.548629645573253
182 days,76.24196486466552,8.731664495654051,6.340970152693273,1.1158228594240156,1.0044365796642403,1.8244044365068381,0.5479312450445298
183 days,76.55940437038913,8.749823105091275,6.355823214674094,1.1154463183461663,1.0044536853157489,1.8247124348576584,0.5470809689664619
184 days,76.8671474018742,8.767391140007055,6.370157955103865,1.1153002277612032,1.0044658155951898,1.8250129689273946,0.5465524340713845
185 days,77.16574809382712,8.78440368458936,6.383720853553378,1.1145276327564366,1.0044703257369727,1.8252632529623953,0.5460101775773041
186 days,77.48705772246643,8.802673328169485,6.398028909490399,1.1137105636401545,1.004484876419955,1.8254210229732535,0.5452053711987456
187 days,77.81226116833137,8.821125844716839,6.412302019009997,1.1129155245702476,1.0045804310681423,1.8255456581175133,0.5444301297183556
188 days,78.14099596303252,8.83973958683357,6.426727500093824,1.112313688898371,1.0045804310681423,1.8256755572223693,0.543690380380193
189 days,78.46925318543569,8.858287260268527,6.441493510988501,1.111742023626839,1.0045193916549535,1.8257841299165152,0.5427568843840905
190 days,78.81757702580646,8.877926392227323,6.457302065994274,1.111509084209371,1.00466227345535,1.8258294084416662,0.5418577301964601
191 days,79.15722639316898,8.897034696637357,6.472689128146091,1.1112522969227625,1.00466227345535,1.8259070944625209,0.5412989344767156
192 days,79.50250479806411,8.916417711057738,6.488253106444696,1.1111589360198288,1.0046286784229974,1.8259056030354106,0.5406503685998799
193 days,79.84932897273279,8.935845173945932,6.5036717513757445,1.1111396143868877,1.0046372817971345,1.8259477029794178,0.5393889804927754
194 days,80.18659245492218,8.954696670179407,6.518291008667636,1.1112403223668366,1.0046137139658335,1.826003695029026,0.5385008285791694
195 days,80.5235082697005,8.973489191485132,6.532840419923367,1.1114286843969352,1.0045439331151262,1.825988378687514,0.5376860464874464
196 days,80.86372527123854,8.992425994760175,6.547830219524655,1.1119776264831867,1.0045439331151262,1.825965112710144,0.5367408914804523
197 days,81.20023490184494,9.011117294866654,6.562788408406969,1.1117927992436507,1.0045507644502982,1.8260538874596932,0.536003600360036
198 days,81.53091180080733,9.029446926628857,6.577411569091683,1.1121581813965167,1.004573773826182,1.8263074454095638,0.5352414731076132
199 days,81.85522148708289,9.047387550397236,6.591402367785563,1.1117701886545572,1.00466227345535,1.8266540524153012,0.5348005972619946
200 days,82.17147108667548,9.06484810058478,6.604727421425194,1.1115429022617311,1.0045341473489788,1.8269702732216704,0.5342448233481193
201 days,82.48597300293602,9.08217886869313,6.617838384207797,1.1113409729408463,1.0046881507291157,1.827171973435178,0.5336126240223266
202 days,82.79926650571399,9.099410228455138,6.630753561553486,1.1112000171825809,1.00470230609059,1.8273451593422108,0.5328556333894259
203 days,83.10418015959714,9.11614941516412,6.643113464607108,1.1107174239413942,1.00466227345535,1.8274087255308231,0.53231621162751
204 days,83.3941594194519,9.132040265978457,6.654387518935674,1.1097834210646664,1.0046073528828068,1.82730340237009,0.5319897207112015
205 days,83.65381927619848,9.14624618497657,6.664601752503307,1.1090297194512648,1.004573773826182,1.8271747503238043,0.5315470582975121
206 days,83.89862856679814,9.159619455348466,6.673749081630604,1.108271880608249,1.0045078824201352,1.826921736428706,0.5311288309807279
207 days,84.09624467831497,9.170400464446194,6.680664655726674,1.107670413623046,1.0046073528828068,1.8266608604437944,0.530659242348658
208 days,84.22432332003744,9.177381070874056,6.6850523377169395,1.10711051578142,1.0046372817971345,1.82634710728962,0.5305986335566535
209 days,84.33638375691189,9.183484292843968,6.6886145074779595,1.1065116859733757,1.0046056063835724,1.8260557623832485,0.5308680679031986
210 days,84.46085431359205,9.190258664128669,6.692849409110326,1.1058736506550622,1.0045972026423775,1.825769472412973,0.5305701874535279
211 days,84.56283463809325,9.195805274041705,6.696236735046219,1.1051839963160135,1.0046137139658335,1.8255050648379691,0.5306026585645333
212 days,84.49954272132034,9.192363282710293,6.695913465305711,1.104359694969779,1.0046137139658335,1.8252349424017151,0.5304553999584545
213 days,84.42451157199235,9.188281208800282,6.695030219470607,1.1037937049231559,1.0047048869867572,1.8250819163279846,0.5304603211851557
214 days,84.27089894628179,9.179918242897472,6.692125441453114,1.1030903186227965,1.0046991557032452,1.824902659453454,0.5304880354618416
215 days,84.06158523090582,9.16851052412036,6.687213966872061,1.1023050279499744,1.0047083593966326,1.8246606075232594,0.5307579258946142
216 days,83.8533967852972,9.157150036190147,6.682276428981635,1.1013692733431724,1.0048561382161108,1.8243525514463608,0.5309832259218361
217 days,83.63993278330017,9.145487017283452,6.677274108897961,1.1004706985655524,1.0048602228177868,1.8240915026030335,0.5311749435813147
218 days,83.39128103703683,9.131882666626682,6.671344812545672,1.0996600866605042,1.0048660085105712,1.8238539983186106,0.531595409068317
219 days,83.10819047181928,9.116369368987815,6.66446841426848,1.0988246949029878,1.004823613387424,1.823557522358496,0.5321268039533509
220 days,82.790279674816,9.09891640113349,6.656191166024655,1.0980095524145506,1.004842929895387,1.8232935337089935,0.5327007743938732
221 days,82.4670370625792,9.08113633102043,6.647625298027841,1.097091611609965,1.0048925630527559,1.8229312476430644,0.5334622694729055
222 days,82.09477750309482,9.060616838995832,6.6375628263858095,1.096201804955305,1.0048602228177868,1.8227460011976324,0.5340582559276176
223 days,81.7144947356749,9.03960700117405,6.627015326848123,1.095316279639735,1.004994965252712,1.822627210639129,0.534744188029389
224 days,81.32644436797743,9.018117562328484,6.61625488134619,1.0944643182191434,1.0050183400295583,1.8225902037577806,0.5352081295086031
225 days,80.92278548159844,8.995709281740847,6.604963895536951,1.0934913577238765,1.005022213022959,1.8226492242109535,0.5359441189865679
226 days,80.50325430144473,8.972360575759577,6.592586088474663,1.092401886047933,1.0049763413597854,1.8227202756153609,0.5363598359522029
227 days,80.0856989002328,8.949061341852161,6.580200034657922,1.0914584119699366,1.0050754325086455,1.8229333040582827,0.5369338063927253
228 days,79.64038312134196,8.924146072389332,6.566368913977023,1.0904305353315176,1.0051019246239814,1.8231034973105247,0.5377116192234511
229 days,79.17604243601208,8.898092067180025,6.5514772911144235,1.0893158588437986,1.0050183400295583,1.8232336932116966,0.5382633146378522
230 days,78.71082982783273,8.871912410964883,6.53639723874641,1.0882629686864451,1.005051990794815,1.8233425423743612,0.5390338892112274
231 days,78.25640825569029,8.846265215088811,6.521919646483995,1.0873691947687951,1.005022213022959,1.8235144159159629,0.5395155167690683
232 days,77.79846839765344,8.820344006763763,6.507358152101764,1.085822595562698,1.0048828369915415,1.8234410216283445,0.5401332193710865
233 days,77.33875710593212,8.794245681463085,6.4926975526309265,1.0845895856762242,1.004866441652788,1.8233146336912025,0.5407689960645727
234 days,76.88465245301572,8.768389387625056,6.478494128050452,1.083463370891275,1.0048297215746629,1.8234058729718412,0.5411901215144974
235 days,76.43585963693968,8.742760412875311,6.4646085470064785,1.0825809785434097,1.0048925630527559,1.82340023651493,0.5418456453089788
236 days,75.974053521423,8.716309627441134,6.4501506383024925,1.082078561108572,1.004866441652788,1.823529840496988,0.542624273375101
237 days,75.49960169429968,8.689050678543639,6.435274288969283,1.0817253695274234,1.0049281377861834,1.8237404910632824,0.5434225733042618
238 days,75.01652256089277,8.661207915810172,6.420001323214383,1.0815555971770203,1.004866441652788,1.8238364364425872,0.5439313543830754
239 days,74.52725035323192,8.632916677069918,6.404526216596504,1.0818799384998368,1.0049919017206101,1.8239243017387845,0.5445961563665391
240 days,74.03168406567814,8.604166668869109,6.388707306391734,1.0821841083029202,1.0050003988662213,1.8240579162757091,0.5451986237097278
241 days,73.54224639175997,8.575677605400053,6.3731247673270985,1.0828630739123961,1.0049281377861834,1.8241722801707987,0.5458293718017407
242 days,73.04969319275237,8.546911324727335,6.357322560476778,1.0833912209423189,1.0050003988662213,1.8243601929058475,0.546316627283623
243 days,72.55853871110952,8.518130000834075,6.341702070396543,1.083902884263832,1.0049281377861834,1.8245409782420479,0.5469500568013166
244 days,72.06894395130989,8.489342963463656,6.326164692340781,1.085059867519628,1.0049144320172305,1.8247228912163187,0.5476390266625906
245 days,71.57703128560827,8.460320991877806,6.310722923121977,1.0876508416266228,1.0050175680416928,1.8248592012492495,0.5484838049022294
246 days,71.07209205293809,8.430426564115134,6.294330087690694,1.087829734550417,1.0050234250361751,1.8249134082565486,0.5494441221059724
247 days,70.56404531557087,8.400240789142348,6.277315574178729,1.089386560462629,1.0050234250361751,1.8248298862234436,0.5502915697314512
248 days,70.05895598263167,8.370122817655167,6.26044835580624,1.0882571628715276,1.005101381663531,1.8246116758114381,0.5510162851161902
249 days,69.55156085500077,8.339757841508396,6.243511899989329,1.0874019298394177,1.005125481718502,1.8242880040164215,0.5518031633645236
250 days,69.06038577288858,8.310257864404003,6.227867864782317,1.0868885528466599,1.0051369407532247,1.824131440934882,0.5523053874999806
251 days,68.57724618485568,8.28113797644114,6.212710716900778,1.0862806018269717,1.0052808089987693,1.823911732815708,0.5528401138790627
252 days,68.09318508478056,8.251859492549576,6.197613385886007,1.086123229205747,1.0052594122618757,1.8237469924392133,0.5533635972292882
253 days,67.60466340331858,8.222205507241872,6.182447224278451,1.0863390433489357,1.0053627314571583,1.82357037581229,0.5539646592258469
254 days,67.12319818438378,8.192874842470363,6.167754980737162,1.0866851958158004,1.0053676825580418,1.8234404849615369,0.5542443508202649
255 days,66.66874351116938,8.165092988519444,6.154282258177868,1.0872478861616535,1.0053676825580418,1.8233704831735675,0.5546942545455299
256 days,66.23274531848354,8.138350282365803,6.141640848404591,1.0877993745871493,1.0053072261484493,1.8232632458759197,0.5550529860708564
257 days,65.8224070113325,8.113100949164414,6.130285869938135,1.0883669894085446,1.0054052595847944,1.8231442712656631,0.55544279902798
258 days,65.44587931440896,8.089862750035316,6.119962224012322,1.0890851630606944,1.0053728898456167,1.8230419107936335,0.5560055296644977
259 days,65.09756041658004,8.068305919868187,6.110945769415689,1.089978094888317,1.0053490188601955,1.8229451571075697,0.5561593550659414
260 days,64.73650243176205,8.045899727921176,6.101256919626813,1.0909887200872523,1.0053966132000571,1.8228925938111367,0.5562605409879362
261 days,64.37433340730144,8.023361727312402,6.091226250455912,1.0920420833944189,1.0054296646679326,1.8227188643251204,0.5564490603824156
262 days,64.1133369769753,8.007080427782357,6.0833995100928835,1.093096703014015,1.0053773051754828,1.8226372184889148,0.5566837251924847
263 days,63.91612741949181,7.9947562451579355,6.0771901991051696,1.0940447321595421,1.0053966132000571,1.8224599355378377,0.5568989641076806
264 days,63.76522515057494,7.985313090328703,6.072235637666291,1.0949851608753252,1.005251933218691,1.8222476505973617,0.5571986409125923
265 days,63.667667761953794,7.979202200844004,6.068699031606914,1.0960309560826706,1.005314014814288,1.8220288606369812,0.5573772878233003
266 days,63.581864777041105,7.973823723725093,6.065432900260706,1.0973599716338194,1.0052343939606354,1.821853583804821,0.5573975658435408
267 days,63.49330028156318,7.968268336443193,6.062059188356279,1.0985997049682026,1.0051140664452807,1.821595939875758,0.5578004870430332
268 days,63.40914673785497,7.962986044057528,6.059001669293034,1.0997087984491116,1.0051140664452807,1.821232888674939,0.5579363068939134
269 days,63.32402985240463,7.957639716172417,6.055797599934787,1.101016166092792,1.0051677757267359,1.8209638342069094,0.557864560588848
270 days,63.25431405174085,7.95325807777799,6.053142798618311,1.102447319170052,1.0051677757267359,1.8206292870451224,0.5579363068939134
271 days,63.194684845546256,7.949508465656619,6.0508839549609785,1.1039539612009115,1.0051019246239814,1.8203295567565188,0.5580292921773734
272 days,63.16285050451694,7.947505929819552,6.049367320555248,1.105466607512788,1.005153222314698,1.8199171997985786,0.55803158293145
273 days,63.146866713687395,7.9465002808587,6.048336252946876,1.1070458770392044,1.005137590696883,1.8194737544899817,0.5580062354061492
274 days,63.129339137787674,7.94539735556301,6.047010405259458,1.1085143511768887,1.0050651698145736,1.8188367819729387,0.5581854735568075
275 days,63.099689955750264,7.9435313278006445,6.04479716657679,1.1100725821542596,1.0051424132236333,1.8181528418141708,0.5583017727294626
276 days,63.073840965466815,7.941904114597885,6.043016472298963,1.1116746035196077,1.0051677757267359,1.8174248144648057,0.5583144643141131
277 days,63.04884055953583,7.940330003188522,6.041304871410951,1.1131751676515418,1.0050385730913933,1.8166046095872086,0.5582950384192398
278 days,63.033406515340666,7.9393580669560855,6.040063561177807,1.1146501964768527,1.005065231105267,1.8157277420438145,0.5584333507907375
279 days,63.0320748907127,7.939274204277914,6.039778616068791,1.116257764435159,1.0050226530483095,1.8149197566191257,0.5582650183732929
280 days,63.035304653926296,7.939477605858354,6.039842660563726,1.1179638697019596,1.0050043938149815,1.8140986032818134,0.5582746970349208
281 days,63.02628167049164,7.938909350187319,6.039399095281137,1.1195552978012635,1.0049937282608312,1.8133055857098312,0.5583482024951077
282 days,63.00641747967175,7.937658186119616,6.038248004028967,1.1211701620332237,1.0050385730913933,1.8125672350197168,0.5583983841799657
283 days,62.99216050452977,7.936760076034161,6.037469550177009,1.12293465402544,1.0050486974306878,1.811945088213725,0.558547834064524
284 days,62.97314201467091,7.935561858789264,6.036077053474035,1.1247225731832002,1.0051933474674006,1.8112167059238609,0.5587905282444742
285 days,62.953965441830114,7.9343534986683135,6.034529345503562,1.1266764113667032,1.005251933218691,1.8104875116981352,0.5591072998368742
286 days,62.9338150206677,7.93308357580252,6.032806588378597,1.1284703317783022,1.0051933474674006,1.8097377886602333,0.559311318655495
287 days,62.91426715435481,7.93185143294772,6.03118394450264,1.1301256876970565,1.0053891473763337,1.808980461049885,0.5593830649605603
288 days,62.89269339427247,7.9304913715527405,6.029455934557489,1.1311060497602945,1.0053810606701694,1.8081995373081874,0.5596768670745587
289 days,62.875758623240074,7.929423599684915,6.028022645440398,1.1314899576384925,1.0052653914690244,1.807500260530369,0.5599941054474544
290 days,62.853736312241196,7.928034832935662,6.0259755481134345,1.1315461329220038,1.005451704530338,1.8068436324407817,0.5602694770571833
291 days,62.824097125402325,7.9261653480988095,6.023512421171316,1.1312351142005075,1.0052531924215224,1.806220877363887,0.5604785220467621
292 days,62.79962573111336,7.924621488191935,6.021516436913067,1.130789557498644,1.005254451624354,1.8055945433951535,0.5607015033689794
293 days,62.776015781646485,7.923131690288032,6.019435969182216,1.1304389734973859,1.0052653914690244,1.8049822159845408,0.5609123539884988
294 days,62.74847883425624,7.921393743165166,6.017171752096815,1.1297437580922827,1.0053966132000571,1.8043227639342643,0.56133061321255
295 days,62.71877573398615,7.919518655447827,6.014718881927835,1.1281222532696715,1.0054206730647282,1.8037020536770272,0.5616842095447969
296 days,62.69201467786828,7.917828911884134,6.012674974821261,1.1273802802541686,1.005560531828146,1.8032914986833615,0.5620233903277722
297 days,62.67115002125236,7.916511227886458,6.011290532899014,1.1268241720767553,1.0059438984350442,1.8030513221259494,0.5620636508442837
298 days,62.659867708886914,7.915798614725296,6.010904974302284,1.1274472541750953,1.0055564699333794,1.8028402485082224,0.5622195313056485
299 days,62.62806916965387,7.913789810808338,6.009913276258848,1.1293600584952068,1.0053810606701694,1.8026736758052089,0.5623129563503738
300 days,62.599591569164964,7.911990367105168,6.008885943740912,1.1309130235654086,1.0055564699333794,1.8024713347791392,0.5624674616260873
301 days,62.56389027529325,7.909733894088552,6.007500931922595,1.1327899073781251,1.0052653914690244,1.802352943899073,0.5628133701838993
302 days,62.52396134067859,7.907209453446809,6.00588280435701,1.1336627052753776,1.005254451624354,1.802144409853537,0.5633184537735437
303 days,62.491324367835546,7.905145436222887,6.004696848493423,1.13413888986047,1.0053450638940498,1.8019503144848599,0.5636040059821396
304 days,62.45811457279417,7.90304463942816,6.003275363528248,1.1346047040651122,1.0052035649124087,1.8017655256475467,0.5640487294687717
305 days,62.42409239899294,7.9008918736426805,6.00179891318766,1.1349127783180883,1.005254451624354,1.801512821528598,0.5641779764226619
306 days,62.39229344036581,7.898879252170261,6.000268561789729,1.135100698432216,1.005076308563983,1.8012942518400241,0.5644473488315713
307 days,62.34694228183207,7.8960079965658645,5.9980434181194875,1.1352724722525425,1.0052653914690244,1.801080416025442,0.5648752966033843
308 days,62.29734533568787,7.892866737484415,5.995593889246729,1.1353681697411218,1.005254451624354,1.80089617318128,0.5652982689573305
309 days,62.24591299490701,7.889607911354468,5.9930913036847056,1.135394793045626,1.0050487587213814,1.8006669477685762,0.5653562048076264
310 days,62.18402223427571,7.885684639539912,5.989877281661692,1.135210620399249,1.0049730345404264,1.800292935317873,0.5657131401415137
311 days,62.12750714967458,7.8821004275303785,5.987284836833828,1.135002938008144,1.0048112786897865,1.7999937583209868,0.5660576260105998
312 days,62.07055573087363,7.878486893488725,5.984533047931939,1.1348536270324534,1.004799454172833,1.7997659921264932,0.5663016152502082
313 days,62.01789602829816,7.875144190952834,5.981994117737067,1.1348328915621133,1.0048712925254506,1.7995421024683602,0.5666714842885953
314 days,61.967784481924994,7.871961920761875,5.979639351727805,1.1347154868644507,1.005213229858447,1.7993288983754223,0.5667277030160482
315 days,61.91048565239853,7.868321654101243,5.976889568379157,1.134687160852334,1.0050487587213814,1.799105683827908,0.5668899933471608
316 days,61.85322349197987,7.864682033749354,5.974006888995849,1.1343254251641874,1.005229321622704,1.7989080839076625,0.5672356460598801
317 days,61.79644458229658,7.861071465283634,5.970985778786662,1.1340339760027263,1.0051188147712773,1.7988022257036858,0.5673205681892942
318 days,61.73982707755666,7.857469508534963,5.967530649906913,1.1341213088685709,1.005229321622704,1.7988034806786042,0.5672630675404693
319 days,61.6815611165646,7.853760953617356,5.963844318433833,1.1341238170764691,1.0052653914690244,1.7987539648085633,0.5674208058068403
320 days,61.62700552252359,7.850286970711554,5.960352909326356,1.1341453885759583,1.0055564699333794,1.798832799579652,0.5675187123170016
321 days,61.56665064858347,7.84644191010062,5.95656798907358,1.134351859197612,1.0056537817231264,1.7989245901062374,0.5677794622562445
322 days,61.49819628246944,7.842078569006398,5.952202174628967,1.1343392643664978,1.0056934469097878,1.7989445306008967,0.5678720045917636
323 days,61.42787698183516,7.837593826030739,5.947810961709894,1.1342273457483993,1.005655923605296,1.7990079271970782,0.5682775271856108
324 days,61.35928808967014,7.833216969398341,5.9435224318192885,1.1340563224984088,1.0057365966007132,1.7990293426134853,0.5684923381680501
325 days,61.30031425444895,7.829451721190249,5.939700510225263,1.1339242235167906,1.0057365966007132,1.7991620220563505,0.5684791285595362
326 days,61.24243007899888,7.825754281792834,5.9357042743682875,1.1337086144596775,1.0059018481382491,1.7992052516795594,0.5690023326614564
327 days,61.19012196965937,7.822411518813068,5.9321141453034345,1.1335646323048303,1.0059645727490591,1.799291016680225,0.5693338679339602
328 days,61.139421821914034,7.8191701491855286,5.928726361094468,1.1335803178663406,1.0058002516161415,1.7994520757131829,0.5696461659398454
329 days,61.0809391040594,7.815429553393684,5.924734872537828,1.1335371003132075,1.0058336474634217,1.7995023000823398,0.5702078033890345
330 days,61.01916647499636,7.811476587367869,5.920638410854021,1.1332885045114216,1.0057365966007132,1.7994524049774339,0.5703893640781847
331 days,60.9592150625062,7.807638251257944,5.916519165502735,1.1330169700373054,1.0056854338656285,1.7994460806236516,0.5707387486511954
332 days,60.90487541308613,7.804157572287103,5.912850617926444,1.1328628082223158,1.0057365966007132,1.799547390251587,0.5710830388637863
333 days,60.85018798988862,7.800653048936904,5.909185282150873,1.132695935260651,1.0057365966007132,1.7995926923409877,0.5713498938257917
334 days,60.79902723896157,7.797373098612223,5.90583964093445,1.1325368890957852,1.0056960009081595,1.799606464665938,0.5716513315391596
335 days,60.750799959613495,7.794279951324143,5.902875014710397,1.1322388984056209,1.0056934469097878,1.7996263936744858,0.5719027482720019
336 days,60.69887131983164,7.790948037295053,5.89991610123483,1.1319595328945895,1.0056488706396536,1.7996581762708723,0.5718505451679383
337 days,60.64202628594246,7.78729903663282,5.8967742176182805,1.131723504156407,1.0056440542582403,1.7996240207212166,0.5720044357932959
338 days,60.584970904905056,7.7836348131772635,5.893378276406705,1.131696307293942,1.0056440542582403,1.7995164624136044,0.572215893697359
339 days,60.52903294705936,7.780040677725237,5.889927578333586,1.1319119399765594,1.0056420070781298,1.7993579761767151,0.5722003529814604
340 days,60.48027218187684,7.7769063374761584,5.887218130270608,1.1320894113448297,1.0056537817231264,1.7991189157660858,0.5719910713406924
341 days,60.43621198973136,7.774073063055901,5.884800928334177,1.132254690464674,1.005572393853483,1.7988539101760495,0.5720379525003199
342 days,60.395065239307,7.771426203684045,5.8823967161275,1.1324138687679106,1.0053591535091617,1.7985797775045238,0.5721237530180239
343 days,60.34648520612483,7.768300020347105,5.8795844317783015,1.1323732707120855,1.00530555368193,1.7982235168739376,0.5723907173326028
344 days,60.294080942996686,7.764926332103653,5.876586512953917,1.13227406346844,1.005153242787973,1.7979495502627947,0.5722246137657244
345 days,60.24475072258054,7.761749205081323,5.873698040062537,1.1319027410756848,1.005153242787973,1.7977063823535244,0.572265364976303
346 days,60.191567641433465,7.758322475988831,5.870417596273772,1.1316161970816674,1.0053551364107363,1.7974159221494792,0.5722474931530196
347 days,60.14244330941556,7.755155917801754,5.867257163956615,1.1312443702840196,1.0053126029470085,1.7969833378747808,0.5723290819114873
348 days,60.09242228052669,7.7519302293381545,5.863749179549158,1.1308617811044641,1.0051528307127877,1.7965174008461864,0.5724956265835341
349 days,60.06040446425785,7.749864802966426,5.860825409422331,1.1301786749905498,1.005153242787973,1.796028383807662,0.5726522321419287
350 days,60.03674553813966,7.748338243658421,5.858318209902052,1.1297148729858033,1.0050249426865587,1.7956250543494727,0.5728397187544841
351 days,60.00627739351057,7.746371885825685,5.855408478091557,1.128958320973842,1.0049051876920698,1.79499648092478,0.5727593316987654
352 days,59.980855273532256,7.74473080704115,5.852688852472646,1.1288735600209798,1.0049340352041392,1.7944064563629318,0.5727914182094712
353 days,59.950103670599646,7.742745228315319,5.849349327939161,1.1289592107503872,1.004713667637469,1.7938564498472602,0.5728898427434959
354 days,59.92446264830364,7.741089241721971,5.846404253960335,1.12898277843605,1.00421890707561,1.7932627024214352,0.5730784034297324
355 days,59.898998031796815,7.739444297350865,5.843694651256956,1.129130254116203,1.0043139819758675,1.7927788209195932,0.5732441710659844
356 days,59.88008810040771,7.738222541411413,5.841263856793849,1.1296891087295566,1.004171699250684,1.7923846289888739,0.5733928307764614
357 days,59.86297584273226,7.737116765483914,5.83882181013041,1.1301340552331134,1.003896896588016,1.7919096186874381,0.5735083943176926
358 days,59.85882058945986,7.7368482335806394,5.836849320800689,1.130477958745782,1.0038794507267417,1.7913571589026798,0.5734994104325366
359 days,59.8514447597031,7.73637155000347,5.835088987859453,1.1309790148591479,1.0032923014108368,1.7908232532928023,0.5734679573749244
360 days,59.855720129035866,7.736647861253339,5.83408903525422,1.131163165341777,1.0033649223318328,1.7905407315454134,0.5733695328408999
361 days,59.85046581479657,7.7363082807497126,5.832281258805927,1.1313256608219717,1.0032072474510758,1.790104779557532,0.5733695328408999
362 days,59.854590870647584,7.736574879793227,5.830880663655979,1.1315795385397207,1.0030693553119945,1.7897859579265225,0.5734104567260995
363 days,59.86030986682016,7.736944478721568,5.829847758852711,1.132135477817705,1.0029757847721683,1.7892937924117842,0.5732724737502106
364 days,59.867079979467206,7.737381984849088,5.828931277151628,1.132602992862719,1.0025291509585765,1.7890148402277228,0.573416559047209
365 days,59.87031468405801,7.737591012974129,5.828023829064206,1.1335194267098758,1.002370552389088,1.7885841016033392,0.5733372013949977
366 days,59.881033944338405,7.73828365623401,5.827786229925767,1.1341066595357046,1.0024069033521399,1.7881939974831556,0.5733695328408999
367 days,59.89497627778798,7.73918447110469,5.827990049488319,1.1351232933787792,1.002370552389088,1.7879050255477091,0.5734187451079121
368 days,59.915599458281974,7.740516743621318,5.828600879882235,1.1358634882618173,1.0021370594040666,1.7875598710944343,0.5733244647647938
369 days,59.936828798651455,7.741887935035708,5.829525106788804,1.1362797007289154,1.001835129477012,1.7870317778864595,0.5732441710659844
370 days,59.95399991663396,7.742996830467772,5.830499257830128,1.1365315975044896,1.0014506091198205,1.78651921176126,0.573131320693506
371 days,59.96590947251601,7.7437658456668235,5.830898183250485,1.137209642865884,1.0010560165640863,1.7857895449860253,0.572721638893568
372 days,59.99126042569053,7.7454025347744535,5.832194763300419,1.137829806970911,1.00082204387983,1.7851087603374918,0.5724469323403852
373 days,60.023441900881075,7.747479712840884,5.833583918618383,1.1381537289062955,1.0007049232598044,1.7843397982687037,0.5719935459295069
374 days,60.05980049700978,7.749825836559799,5.8356073799555865,1.138858365663028,1.0006204825540501,1.7838785299882622,0.5714861601893689
375 days,60.09976290582855,7.752403685685398,5.837932067776656,1.1396512587530652,1.0004164124886739,1.7835681664484397,0.5712647273485559
376 days,60.1412219650287,7.755077173376723,5.840652517557937,1.1402325362339183,1.0002247778280564,1.7830747752711045,0.5708461212089304
377 days,60.18240248423193,7.75773178733526,5.843277226995313,1.1405303138449914,1.000003811037862,1.782548151319181,0.5703906366150663
378 days,60.22725097043722,7.760621815965343,5.8460703929590965,1.1408352629517218,0.9997198915642524,1.7820091758466035,0.5699276922021125
379 days,60.27850477831643,7.763923285190061,5.849353221184018,1.141024919889608,0.9996336915194218,1.7815709314146395,0.5692455448652698
380 days,60.32975652592295,7.767223218494686,5.852603851893127,1.1410205341458919,0.9993664657164192,1.781107716979643,0.5690292363612338
381 days,60.37198394340995,7.76994105147587,5.855284250292079,1.1408992555282431,0.9995831765364016,1.7806975350508278,0.5685719181865012
382 days,60.394071131772904,7.771362244276927,5.856714824636108,1.1408344456951967,0.9992191132386821,1.7802013816775673,0.568300933940751
383 days,60.38336121018781,7.770673150389727,5.8569599338691685,1.1408258028859062,0.9991951882211612,1.779746048815969,0.5680247880903199
384 days,60.366598045876025,7.769594458263316,5.856693578327537,1.14081373049936,0.9991622076761411,1.7792680846668152,0.5679074892263988
385 days,60.343504542791976,7.7681081701268795,5.855771734543218,1.1406914310274938,0.9990845444016269,1.7787012999501888,0.567635969646114
386 days,60.31632909818582,7.766358805655699,5.85477867766073,1.1405782260992112,0.9990845444016269,1.7781637828049903,0.567612215624325
387 days,60.28811031183998,7.764541861039837,5.853554737178312,1.140685259053552,0.9990358858370395,1.7777129233072093,0.5675068210605859
388 days,60.26263929944275,7.762901474284132,5.852647761115293,1.1407596064385404,0.9989123041268491,1.7773694841225924,0.5673181644094969
389 days,60.23323326903291,7.761007232893995,5.851597704533493,1.140885948696992,0.9988133285272784,1.7771001237587334,0.5671932535762177
390 days,60.203914054716016,7.759118123518678,5.850360712785787,1.1408694984046341,0.9987152744148742,1.7767834297314702,0.5674404944404356
391 days,60.17530702164251,7.757274458316046,5.849182482896813,1.1409412421815928,0.9986691960388513,1.7765234653176678,0.5674065601505999
392 days,60.138596158231344,7.754907875547675,5.8474011678289965,1.1408515727620918,0.9987876756562946,1.7761564654915838,0.5673094719679908
393 days,60.10225934600858,7.752564694732227,5.845903682652101,1.1410235984869344,0.9986643536563731,1.7758516668430393,0.5671900261757459
394 days,60.069184934765794,7.750431274114092,5.8444682523326295,1.1412948038482014,0.9986643536563731,1.7755498000007583,0.5669965964378734
395 days,60.03881253102168,7.748471625489873,5.843240789973941,1.1414820355664037,0.9986083075969554,1.7752396186850574,0.5669594328841705
396 days,60.01027962601133,7.746630211002158,5.842208330770456,1.1415271831778118,0.9986630080614132,1.7749412507619646,0.5666724476639093
397 days,59.98375102115157,7.74491775431809,5.841491207268209,1.1415828963254548,0.9983314445088473,1.7747425691183154,0.5665434075468854
398 days,59.9561223670467,7.7431338853881835,5.840575561161764,1.1417189408773079,0.9983314445088473,1.7745590120325851,0.5663847580802657
399 days,59.925215514178895,7.7411378694723485,5.839605988160304,1.1418009618721603,0.9982062679859056,1.7743309330149153,0.5661438544610605
400 days,59.901277756159054,7.739591575539309,5.839072048042089,1.1421463443465534,0.9981809180240127,1.7741690696283974,0.5658007199585743
401 days,59.889615741685155,7.738838139002854,5.839298199542992,1.1423546904514996,0.9981485897656757,1.7741693775202505,0.5655481495410567
402 days,59.87341511694927,7.737791359099137,5.839276140969059,1.1425941940399897,0.9982145343385797,1.7741434145958848,0.5655131829302849
403 days,59.85348741044545,7.736503564947505,5.839051188667177,1.1427441028229728,0.9981409349772677,1.7740141615852754,0.565184496789029
404 days,59.83343754469957,7.735207660089002,5.839031385080346,1.142907375412839,0.9981409349772677,1.7738741572207972,0.565092288541364
405 days,59.81390213884504,7.733944798021579,5.838763090284127,1.1428758216335377,0.998065371948907,1.7736157935857753,0.564671495504938
406 days,59.784265566224036,7.732028554410805,5.838007171615636,1.1425621836839908,0.9981638344147935,1.77329363241171,0.564290689938559
407 days,59.75619718788907,7.730213269237083,5.837518281489422,1.1420099022419699,0.998065371948907,1.7729456845753422,0.5640746494309167
408 days,59.71772058201644,7.727724152816044,5.8366974205079,1.1416845294543432,0.9981409349772677,1.7726695569307314,0.5638037041814368
409 days,59.68519105480715,7.725619137312371,5.836231781353794,1.1415279517861978,0.9981409349772677,1.772466066058461,0.56361825163838
410 days,59.65714652943604,7.7238038898871615,5.836145995321643,1.1412457353436367,0.9981303832274147,1.7721072634273096,0.5635537576674007
411 days,59.63882107017216,7.722617501221471,5.836636917248884,1.1412345097666294,0.9980096627699298,1.7718661247371086,0.5633861769476273
412 days,59.61165734393868,7.720858588521012,5.836716233715279,1.1409622405280408,0.9981409349772677,1.771532432814156,0.5630410867173674
413 days,59.574328569339734,7.718440812064295,5.836026364136338,1.1414337536856678,0.9981474058510778,1.7712299172881723,0.562853676672015
414 days,59.52713079346239,7.715382737976282,5.834612083706498,1.1421402689734939,0.9983287048849525,1.770910358350217,0.5624463202463914
415 days,59.48367872329723,7.712566286476715,5.833313206750683,1.1427009609796284,0.9982328453666091,1.7707106033496212,0.5622529997466863
416 days,59.441715955900705,7.709845391180079,5.832078839269605,1.143234890289441,0.9983314445088473,1.7705293722489919,0.5620644390604498
417 days,59.399903697325556,7.707133299569014,5.830829454438858,1.1437274325295421,0.9981796251716415,1.770269613343069,0.5618800225651195
418 days,59.352691646044846,7.7040698105640795,5.8291921917271665,1.1440471025090009,0.9982872953067158,1.7699022143885967,0.5618857208276157
419 days,59.309147284350615,7.701243229787682,5.827684408648788,1.144778154740176,0.9981638344147935,1.769698408051212,0.5616828459783597
420 days,59.259660178982436,7.698029629650852,5.825597159906134,1.1455092014119825,0.998041145057964,1.7694674394639833,0.5613775290572535
421 days,59.216036606007314,7.695195683412301,5.82380385681665,1.1459058471432126,0.998041145057964,1.7693128736061787,0.5612643258654788
422 days,59.1624808973015,7.691715081651263,5.821180801903238,1.1462137724273493,0.9979449650316279,1.7690931092500113,0.5613980013603307
423 days,59.108091964227675,7.688178715679525,5.8188999233852705,1.146727028416349,0.9979753641602309,1.7690156063009161,0.5612656462632608
424 days,59.054889336010454,7.6847179086815185,5.8167671296848615,1.1471156830731386,0.9979449650316279,1.7688689741605936,0.5614207944103153
425 days,59.00267978926894,7.681320185311177,5.814844241369729,1.1474694322827155,0.9979396963520032,1.7686439759885602,0.5613894539665865
426 days,58.95470243069617,7.678196561087517,5.813199954863599,1.1480588285500586,0.9978563645291565,1.7685880131445098,0.5611855609001354
427 days,58.920402704580006,7.6759626565389185,5.812305108396428,1.1489130059647221,0.9979215350514457,1.768752251885838,0.5605024850311118
428 days,58.876029395433264,7.673071705349382,5.810775346399324,1.1498429854325314,0.9980215445251552,1.7688949720930651,0.5603402022621922
429 days,58.82625102182964,7.669827313690292,5.8089597548635945,1.1508944539287402,0.9980293536171028,1.7690504664356184,0.5602710404457492
430 days,58.779933711281245,7.6668072697362915,5.807410989363679,1.1522668554405788,0.9981550606394858,1.7693082094314772,0.5599161940993974
431 days,58.74567573443468,7.664572769204731,5.8065650095010275,1.1537841047555466,0.9981550606394858,1.7694968806798526,0.5597877241813022
432 days,58.73281243682744,7.663733583367016,5.807162717563041,1.1556884632911397,0.9983287048849525,1.7697641397579702,0.559526122130342
433 days,58.75338104652715,7.665075410361411,5.809344120993279,1.1574991070113283,0.9984605862045443,1.7700838182950873,0.559271026346491
434 days,58.803916943198054,7.6683712053602395,5.81297097470101,1.158963712593567,0.9984605862045443,1.7704773574931947,0.5588497110580624
435 days,58.85976210603348,7.67201160752729,5.817192595429812,1.1604147420144182,0.9984605862045443,1.7710047947136371,0.5583484624454884
436 days,58.9115525611343,7.675386150620326,5.820724599038832,1.1616458328729105,0.998603984525989,1.7712963887826036,0.557873366994524
437 days,58.96672027698283,7.6789791168476835,5.824321000751672,1.1626496171081482,0.9984805592612919,1.7714572419505232,0.5573820753986565
438 days,59.01157246139826,7.681899014006775,5.827351182283057,1.1635807161300897,0.9984721693798636,1.7715129559780638,0.5567051309447492
439 days,59.05913117134886,7.684993895335823,5.830381769203744,1.1644454895095397,0.9983288883503204,1.7714880155711674,0.5561404513926526
440 days,59.10584593290473,7.688032643850098,5.833294044269435,1.1654539575361929,0.998336116870463,1.771443186555907,0.5557717441811675
441 days,59.1496186263659,7.690878924178036,5.836158757247827,1.1665446349538566,0.9981654926775633,1.7715857422088337,0.5554144024988511
442 days,59.23160026623414,7.696206875223283,5.840386059869946,1.1671985327171819,0.9980903548368205,1.7717468663633484,0.5549211489976498
443 days,59.319346357674924,7.7019053718982375,5.845050062313543,1.1680405092943564,0.9982220206404318,1.7720220153390642,0.5545607422800459
444 days,59.40742745744094,7.707621387785011,5.849901010132644,1.168767397774432,0.9980760761427597,1.7722757690299538,0.5539648350196296
445 days,59.6528091980228,7.7235231078843025,5.857533944327888,1.1694979147620397,0.9981293100268893,1.772492721441114,0.5537095936681563
446 days,59.88186375216883,7.738337273094837,5.864293882522103,1.1703614948919083,0.9981550606394858,1.7726756388935894,0.5531020727972078
447 days,60.11460488352382,7.753360876647225,5.871331232210587,1.1712825079477744,0.998289644319384,1.772902658369948,0.5522129202403838
448 days,60.347398952627074,7.768358832638144,5.878542155858396,1.171947249321909,0.9983775423454542,1.7730497848207438,0.5519879965312221
449 days,60.58277301562018,7.783493625334332,5.886047573850075,1.1726551552334898,0.998336116870463,1.7734357420346372,0.5513296895534789
450 days,60.853799345095744,7.800884523250921,5.894588208779792,1.1736228281948882,0.9984376347196858,1.773794527541032,0.5507834799745223
451 days,61.13186484392638,7.818686900236278,5.903013592556652,1.174332747342969,0.9981293100268893,1.7739258195292988,0.5500345311353156
452 days,61.41621379666046,7.836849736766711,5.911755632491873,1.1749727750391614,0.998336116870463,1.774107234441919,0.5492339662492993
453 days,61.70721613670653,7.855394079020258,5.920918289972465,1.1755919939607344,0.9982495219330427,1.7743236567584646,0.5486721255797772
454 days,62.001108834535565,7.874078284760418,5.930267698791882,1.1763985751936867,0.998074176093461,1.7746387294422539,0.548002163267653
455 days,62.295964071657295,7.892779236216942,5.9398416822341815,1.1775168589840697,0.998052461096544,1.7749436415506783,0.5473689382170731
456 days,62.58834278095319,7.9112794654817495,5.949263869343618,1.178612407601752,0.998052461096544,1.7753896641248335,0.5468531863388818
457 days,62.88169857615502,7.929798142207343,5.9586821787139375,1.180022586002007,0.9980723858421718,1.7757899394624117,0.546522059149925
458 days,63.19038725766338,7.949238155802314,5.969289019592427,1.1813134317231053,0.9979707614643538,1.7763124000451695,0.5461078403742783
459 days,63.50133227535788,7.968772319206885,5.980073654604312,1.1815389896591297,0.9979171810791301,1.7767741462647837,0.5453746344293485
460 days,63.8123029024538,7.9882603176444995,5.990614851050622,1.1821176532057205,0.9979484427200976,1.7772514889822213,0.5448496992332952
461 days,64.12395343392599,8.007743342161135,6.0012956192300555,1.183054705606493,0.9979936791984976,1.777781131974551,0.5439543247999262
462 days,64.44231316781365,8.02759697342945,6.012555142034488,1.1837636283080448,0.9979219909827578,1.7782861118419355,0.5432380667178248
463 days,64.76227658197355,8.047501263247714,6.024029357917357,1.1840120240223753,0.9979123200890468,1.7788525438611047,0.5424561997872994
464 days,65.08516791877325,8.067537909348381,6.035639758292415,1.1831819535898207,0.9978695931098427,1.7793452512649797,0.5418918416708735
465 days,65.41134315575623,8.087727935320045,6.047378463695927,1.182133206613113,0.9979123200890468,1.779771486304117,0.5412814819173504
466 days,65.73499805052045,8.107712257506456,6.0587155749265875,1.1811286057943207,0.9977226427963801,1.780095534107363,0.5404569155695677
467 days,66.05927838827263,8.127685918407073,6.0699531773168625,1.1801750705359761,0.9977192853447965,1.7804686859107104,0.5394898889325904
468 days,66.38573039356162,8.147743883650346,6.081391189194612,1.179205214854807,0.9976602201931635,1.78091133772557,0.5385826763495687
469 days,66.70456256872585,8.167286120170264,6.09241467571426,1.1782894113858722,0.9975997798930751,1.7812934428094689,0.5376189792892333
470 days,67.02277778036057,8.186744028022408,6.103479896708709,1.1771335475314713,0.997716329191275,1.7816245701489102,0.5370705646926331
471 days,67.39563283189447,8.209484321922691,6.116354043992517,1.176196835225825,0.9977192853447965,1.7820513559370574,0.536507513747934
472 days,67.7714276895454,8.232340353116202,6.129594397168099,1.1748954471934616,0.9977068391771753,1.782477466209269,0.5355198406922331
473 days,68.17072491944637,8.256556480727687,6.144161328510248,1.1736083747568655,0.997716329191275,1.7829527603970599,0.5345775897577246
474 days,68.56909223522284,8.280645641205934,6.158447253827691,1.1723990027652345,0.9977332727988489,1.783332049625769,0.5338167692277517
475 days,68.96200539597757,8.304336541589434,6.172086167652879,1.171117939002677,0.9977192853447965,1.783588907680665,0.5328473751471835
476 days,69.34486728746081,8.327356560605581,6.184897294435794,1.1698086049855456,0.9976602201931635,1.7836867322151024,0.5320841157839791
477 days,69.71601022232805,8.349611381515194,6.196963163678448,1.168401306991142,0.9976641235664903,1.783627217876248,0.5315585317753247
478 days,70.07716325399868,8.371210381659195,6.208164943993759,1.1674740090586917,0.9976602201931635,1.783540609090827,0.5312277083197842
479 days,70.48330745211891,8.39543372626566,6.221135294559473,1.1665420954125454,0.9975266181446021,1.7835181962652875,0.5301907419393801
480 days,70.8817746972905,8.419131469296016,6.233252210981657,1.1654333221396278,0.997495756358816,1.7833939301144683,0.5295700971760965
481 days,71.27477565920508,8.442438963901669,6.244863740592358,1.164220087027866,0.9975344563336467,1.7832399032198565,0.5286692536778399
482 days,71.66344564922113,8.465426489505484,6.256007153344018,1.1629915517212512,0.9975750018962015,1.783034610062577,0.5279763798686107
483 days,72.04721405707673,8.48806303328838,6.266683677531087,1.1615129086465295,0.9975160557962857,1.7827444897803542,0.5272051552981385
484 days,72.44041504088965,8.51119351447784,6.277557254087157,1.160301758225581,0.9976400034723774,1.7824347788634074,0.5266849463774355
485 days,72.83704792084829,8.53446236858821,6.288626938039319,1.1592106728011584,0.9976493101416726,1.7821889489857083,0.5259558446819411
486 days,73.25541763887756,8.55893788030253,6.300919687323911,1.158428357224335,0.9976400034723774,1.7821773365288986,0.5253103869482851
487 days,73.69047333797945,8.584315542777972,6.314300912281799,1.1579737021507037,0.9977222414983179,1.7823507584729665,0.5246703684651938
488 days,74.13811301691923,8.610349180893841,6.32844163608304,1.1574638023666712,0.9977226427963801,1.7825105696690213,0.5243592951352897
489 days,74.59169622390033,8.636648436974863,6.34294745051005,1.1569721465329252,0.9977998226654126,1.782750159392004,0.5238426489151751
490 days,75.04590018961719,8.66290368119242,6.357691583676648,1.1565868861002495,0.9979281449762625,1.7830477019981308,0.5230673502132822
491 days,75.49861862718447,8.688994109054539,6.372633929233117,1.1561588978259667,0.9980159970462809,1.783428637626683,0.5221527114904307
492 days,75.96746310387839,8.71593156833384,6.3881592856437335,1.1559684405733366,0.9980723858421718,1.7837294955363763,0.5214578434770176
493 days,76.4292438084146,8.74238204429517,6.403586793219643,1.1558760439737987,0.9982419524870592,1.7840061115382624,0.5205968878162341
494 days,76.90892392483512,8.769773310914891,6.419664730294342,1.1558419162690767,0.9983820832723715,1.7843080237860132,0.5200296516859346
495 days,77.30932657627405,8.792572238899949,6.434205021134802,1.1557551386719225,0.9983339495086907,1.7846341086821698,0.5192440684972593
496 days,77.63957766329506,8.811332343255193,6.447719640726652,1.1556240467692007,0.9984311075897655,1.7848584015318119,0.51836939365014
497 days,78.01682470670693,8.832713326419404,6.462948595433804,1.1557604257602205,0.998386360185316,1.7851598816138714,0.5179911034581719
498 days,78.38989901657587,8.853807035201065,6.477837486625222,1.1558144501987444,0.9983966317294124,1.7854235467519528,0.5174304528751552
499 days,78.7700672647786,8.875250264909639,6.493298839864179,1.1560161447113235,0.9983966317294124,1.7856833841000623,0.5162651722714259
500 days,79.16410610877044,8.897421317930855,6.5092322396950815,1.1559943387845242,0.9984101228628457,1.7858559194808896,0.5157266864655387
501 days,79.53308621460407,8.918132439844346,6.524535204773238,1.1561438966707596,0.998542122896505,1.7860929804375187,0.5150462621211109
502 days,79.8971379157293,8.938519895135284,6.539733055236317,1.1564393984860166,0.9986112716241449,1.786376277039158,0.5143660967886147
503 days,80.25781551336482,8.958672642382064,6.554847242927684,1.1566746326754276,0.9985691452106773,1.7866418577377814,0.5135959248098723
504 days,80.61166346703048,8.97839982775497,6.569695483020216,1.1570390576718055,0.9986719584974135,1.786995593637017,0.5127484052753102
