horizon,mse,rmse,mae,mdape,smape,coverage
51 days,7.459908603987506,2.731283325469459,1.9161729106647905,0.9948871051270453,1.7105425424390341,0.5001968490680492
52 days,7.500012797647187,2.7386151240448497,1.9224589271704506,0.994815316698896,1.711012644912163,0.4988670818109907
53 days,7.540270319971551,2.745955265471663,1.9286836132044096,0.9946278636007487,1.711352816083623,0.49751711162326406
54 days,7.579633487175295,2.753113417056278,1.9347256633965875,0.994533982707936,1.7116607657590055,0.4962883590195466
55 days,7.618778532581137,2.760213494022,1.9407253430386915,0.9943400719541422,1.7120978189661349,0.4948732585923999
56 days,7.657115772991648,2.7671493947728316,1.9466876764892602,0.9941035910437902,1.7124969600460074,0.493320549446249
57 days,7.695606555024067,2.7740956283127782,1.952698885379755,0.9942296375803124,1.7128673543689208,0.49179284658144456
58 days,7.734487960382564,2.7810947413532254,1.9587186088112063,0.9942296375803124,1.7130770084761373,0.49027669208609764
59 days,7.772747430673816,2.7879647470285227,1.9644763536372114,0.9944049615231387,1.7131882032718417,0.4889287939938241
60 days,7.811676510965372,2.7949376577958533,1.9704452816504072,0.9942296375803124,1.7136154470013623,0.48754644731464203
61 days,7.84928262980636,2.8016571220986983,1.976234528253573,0.9944109556695245,1.7139944603013872,0.48619984428202667
62 days,7.886217070717804,2.808240921060336,1.9819622557950713,0.9944049615231387,1.7145001568815585,0.4848831055128197
63 days,7.92231746457873,2.814661163369177,1.9875079923636685,0.9943400719541422,1.7149522615058366,0.4833999921731304
64 days,7.957020377014144,2.820819096825272,1.9928404298311688,0.99444703701083,1.715330349356285,0.4820428876536047
65 days,7.991745767422864,2.8269675922130526,1.9982406899595118,0.9945292867007901,1.7156933266794732,0.4804901852608742
66 days,8.027150436282787,2.8332226238477602,2.003764141544247,0.9945626790049391,1.7161415079050293,0.47895717003667837
67 days,8.062342714941554,2.839426476410607,2.009233210744821,0.9946157188977154,1.7166406883006844,0.477524308577245
68 days,8.0983479702822,2.8457596473142632,2.0148284102348666,0.9946322972977719,1.7171128900272044,0.47603725026866156
69 days,8.134894047886295,2.8521735655261753,2.0205124081448114,0.9946680160195939,1.717630905504347,0.4748105716237924
70 days,8.170438263969533,2.858397849140237,2.026042969633095,0.9949063129572482,1.717972877147984,0.47345698653041113
71 days,8.204821220099898,2.864405910498702,2.031328823529919,0.9947955739400731,1.718341609669415,0.4720311145853245
72 days,8.239661876445181,2.870481122816379,2.0367221594436207,0.9948731921806245,1.7187874452108611,0.47068002077029725
73 days,8.274673872670581,2.8765732865113276,2.0421122949112744,0.9949866101906437,1.7191692811260906,0.4691201838357123
74 days,8.30959951755385,2.88263759733232,2.04754293029625,0.9949224968833642,1.7195374947267423,0.467736357620748
75 days,8.344258767022012,2.8886430667394705,2.052920674871775,0.9949224968833642,1.7198769787749,0.4663548541278901
76 days,8.379101875084615,2.894667835017451,2.0583157289291365,0.9950307951545247,1.7202488054549145,0.46504400871730556
77 days,8.41281748725874,2.900485732986587,2.0634744792306665,0.9950325196072692,1.7205653492518869,0.4639474817046922
78 days,8.446852192307347,2.9063468809327193,2.06870806570434,0.9951104404124869,1.7210571240363928,0.4626354567649513
79 days,8.482285000878404,2.912436265547867,2.0741206295879806,0.9950926825553954,1.721560957531974,0.46129828810219153
80 days,8.517487764550044,2.918473533296138,2.0794556930908628,0.9950705213657509,1.7219980084145097,0.4601149902290823
81 days,8.552085377082994,2.924394873658992,2.0846293995548404,0.9952287853985833,1.7223236711703758,0.4588893671975893
82 days,8.587187939781689,2.9303904073999574,2.089804458295057,0.995209876421058,1.722604825833095,0.4579850540574858
83 days,8.622965593564532,2.9364886503381094,2.095080031712095,0.995339956130976,1.7230184829525796,0.4568470581165792
84 days,8.658055334723374,2.942457363280456,2.1003050396326026,0.9952943520665986,1.7233726351046288,0.4555443256991106
85 days,8.691998805497493,2.9482195992662237,2.1052943691641346,0.9955415061415046,1.7236283747582908,0.454385408718238
86 days,8.725579888056687,2.953909255217006,2.1102528057288232,0.9953842180773047,1.7237682271726535,0.45348129589311764
87 days,8.756222202113994,2.9590914487582154,2.1148945124099883,0.995444405708749,1.7238868410701615,0.4525829185983972
88 days,8.784813520113,2.963918608888071,2.119310082588019,0.995399631374297,1.7242407326553615,0.4515640178343765
89 days,8.81199082725417,2.96849976035946,2.1234922448754485,0.9952538514732603,1.7245359957638102,0.45089352538632027
90 days,8.839081198624159,2.9730592322764373,2.127581182089909,0.995209876421058,1.7247187451091974,0.4500391885052577
91 days,8.864796979537255,2.977380892586176,2.1314405624515484,0.9950296353989654,1.7247412855763755,0.4491661831589586
92 days,8.890518627851295,2.9816972730059796,2.1353665695257393,0.9950296353989654,1.724976131659436,0.44829370709791116
93 days,8.916396654601986,2.98603359904104,2.1393110553351007,0.9949385858420835,1.7252062333421068,0.4473118878982049
94 days,8.939452749912421,2.9898917622403025,2.142840762526017,0.9948232000185283,1.7254876763381275,0.44624524229088536
95 days,8.961089230355668,2.9935078470509593,2.1461130894340132,0.9949190090449911,1.725713559443402,0.44542686986871977
96 days,8.982204379793032,2.997032595717476,2.1492071705256706,0.9949866101906437,1.7258472818988557,0.44485031862585694
97 days,9.00378496969737,3.000630761972784,2.152346703183017,0.9947812250009123,1.725895467331483,0.44419743339896695
98 days,9.024482671555043,3.0040776740216026,2.155367183537299,0.9947598411357341,1.7259481804524726,0.4436240410430457
99 days,9.040506533350321,3.0067435097377895,2.157882885510178,0.9946246316835442,1.726025909879474,0.4426946461715705
100 days,9.05040339145246,3.0083888364791647,2.15980950082879,0.9946246316835442,1.7260899701508459,0.44216396146965337
101 days,9.057290281214907,3.009533233113552,2.161407057837106,0.9947715206808675,1.7262278453479838,0.44159928191755676
102 days,9.064060425519095,3.010657806114653,2.1630678519291484,0.9947672101804848,1.7264910108340925,0.44083613866547744
103 days,9.070486622954762,3.011724858441548,2.164678607664761,0.9949190090449911,1.7267789411342327,0.44018964767918767
104 days,9.077062939707785,3.0128164464015703,2.166390880549414,0.9949045690380616,1.7272119886835222,0.4393098782488514
105 days,9.082146596210917,3.013660000101358,2.167818629133129,0.9949190090449911,1.7274501931757913,0.4386085583983729
106 days,9.087133154734477,3.014487212567749,2.169267467396253,0.9950335556207393,1.7277783119741925,0.43794074117818316
107 days,9.097328928351157,3.016177867492426,2.171226382960989,0.9950074275510128,1.7281195567914733,0.4374986450787713
108 days,9.111508607358973,3.018527556170222,2.1737388482474507,0.9950748996046253,1.728624118442322,0.4369174483916956
109 days,9.125908242855335,3.0209118230850986,2.1763799530646977,0.9950335556207393,1.7293228178768172,0.4364012879236
110 days,9.140703540029756,3.023359644506382,2.1790783723098572,0.9950748996046253,1.7299542810132353,0.43563866083198877
111 days,9.155523690701825,3.0258095926052295,2.181674813851171,0.995223008578248,1.7303964004219785,0.43489501987398554
112 days,9.169500098817803,3.028118243863308,2.184190099647235,0.9952482108723868,1.7306375605656343,0.4341166158203722
113 days,9.183312753730213,3.030398118025124,2.1867718895944384,0.9952333372682416,1.730945146047206,0.4335989241680407
114 days,9.197356929030393,3.032714448976427,2.189375156204936,0.9953018640629794,1.7311956505292714,0.43285629782871937
115 days,9.212358479042942,3.0351867288591885,2.1921542770838687,0.9952333372682416,1.7313959826138112,0.43202476331461737
116 days,9.22809227634943,3.0377775225235686,2.1950817108924645,0.995223008578248,1.7316875689635496,0.431211093170218
117 days,9.243621505126674,3.040332466215936,2.197947422395295,0.9952482108723868,1.731919566350308,0.43062857533595145
118 days,9.259480156241123,3.042939394112397,2.200904028409761,0.9952434585270704,1.7321650132680761,0.430025256778986
119 days,9.274668849722644,3.0454340987325015,2.203783909972172,0.9950276246409833,1.7323848035028553,0.42918143988311874
120 days,9.28923049670253,3.0478238952902985,2.206619914767606,0.9951155558209472,1.732547961853451,0.4283698927548709
121 days,9.305438552451381,3.0504816918728395,2.2097954088211,0.9951288537656536,1.7327271365305748,0.427340677875667
122 days,9.323469161482137,3.0534356324445646,2.2132748772076307,0.995164196037574,1.732903194967535,0.42630048595818615
123 days,9.341719760548724,3.0564227064574565,2.216877645452845,0.9950323958651798,1.733265001318625,0.42510048367888115
124 days,9.360233508640478,3.05944987026107,2.2204406658695794,0.9949190090449911,1.7337651661571591,0.4241198645056783
125 days,9.379112234645953,3.0625336299616293,2.2239976981546485,0.9950450857741869,1.7342391053649764,0.4232192359122491
126 days,9.396942669585876,3.0654433071883544,2.2273476476822314,0.9949766165494789,1.7347514878146557,0.42227501010970664
127 days,9.414498139179933,3.068305418171394,2.230709927764539,0.9947713851447113,1.7352289223981863,0.42103851216879723
128 days,9.434490801137125,3.071561622552464,2.2344816080345797,0.9947863323590407,1.735683096164795,0.4200681408589768
129 days,9.45385121039477,3.074711565398415,2.2381643101574658,0.9946458537211531,1.7361059251022009,0.4191986378044491
130 days,9.472196604423836,3.0776933902557344,2.2416876631961764,0.9946542563368105,1.7365270613863533,0.4181672522926441
131 days,9.491340525708639,3.0808019289965136,2.245377090403191,0.9946313598872889,1.7370453983034257,0.4172845396296026
132 days,9.51093146877015,3.083979810045803,2.249176722812095,0.9945011488747753,1.7377063107720383,0.4162346291339909
133 days,9.5292989228446,3.086956255414806,2.2527949010869546,0.9944219009138062,1.7382975549720134,0.41507455093335416
134 days,9.547064526119101,3.0898324430491537,2.2562880471650857,0.9945350639089028,1.738644998028567,0.4142506878287073
135 days,9.5653437145009,3.0927889864167746,2.2598107561000247,0.9944219009138062,1.739185287026295,0.4133457451850977
136 days,9.583597339257675,3.0957385773442945,2.2633304819786644,0.9943677060817921,1.7396713019780887,0.4124881566794256
137 days,9.60135989245689,3.098606120896441,2.2667179848219856,0.9944219009138062,1.7402555972500033,0.4112961837700016
138 days,9.619824351791788,3.1015841680972946,2.270136606883051,0.9942912250856748,1.740783688691785,0.41042201850070426
139 days,9.638399606020629,3.1045772024577887,2.2735392927802605,0.9940718174313706,1.7412209162677097,0.40962877006037085
140 days,9.660533417124748,3.10813986447276,2.277301666271041,0.994293679842002,1.7416570853977211,0.408720959052427
141 days,9.681786124952719,3.111556865132424,2.2810591473035315,0.9942912250856748,1.7421883268216736,0.40782731392231847
142 days,9.705301811774298,3.1153333387896547,2.285274060310264,0.994007565784313,1.7428326518458008,0.4068479128559537
143 days,9.730099769021004,3.119310784295307,2.289736738170841,0.9939782119921231,1.7435978077010692,0.40582714683334603
144 days,9.755720448932106,3.1234148698071005,2.294442977890054,0.9939782119921231,1.7443550805793286,0.40473463450567315
145 days,9.781869461899216,3.127598033939019,2.2992528527098646,0.9939070031635641,1.7451037846794508,0.4036935829688829
146 days,9.807922007082674,3.1317602090649714,2.304100440966178,0.9937763420816448,1.7458526390719862,0.40249285798145035
147 days,9.833617351228085,3.135859906186513,2.308859946257032,0.9937223295919961,1.746538030446711,0.4012446150994027
148 days,9.858156827877085,3.139770187111962,2.313473576081441,0.9938132573523795,1.7471764034897004,0.3996770111793788
149 days,9.885195146551691,3.1440730186418526,2.318460804255586,0.9937676762174523,1.7478643556846085,0.3983074110813728
150 days,9.912926987942518,3.14848010759835,2.3235466836134027,0.9936708422307535,1.7485307865270059,0.39697542533081287
151 days,9.940849085448452,3.1529112079867474,2.3286747192497033,0.9936962236554738,1.7490962693930923,0.3956247231528446
152 days,9.968797673435498,3.157340284707288,2.3337977319972736,0.9937763420816448,1.7496288857135602,0.3943797858046674
153 days,9.99701651304437,3.1618058942706098,2.338975159865367,0.9936962236554738,1.7500604329431213,0.39325089030642196
154 days,10.02701656393834,3.1665464727267687,2.3443898604434903,0.9936059089387498,1.7504964218732373,0.39179924022234025
155 days,10.056523709941967,3.171202249926984,2.349770006838818,0.9937223295919961,1.7508303790921804,0.39061871404531756
156 days,10.086885772981224,3.175985795462761,2.3553789478440503,0.9935755973462093,1.7513474748625246,0.3891067273078915
157 days,10.125694394068324,3.182089626969725,2.361591381939402,0.9935132908749542,1.7517429021468243,0.38736843911234226
158 days,10.161192752795692,3.187662584527367,2.367524522160769,0.9933113096043542,1.7521037651534201,0.385702937023381
159 days,10.194905394514347,3.1929461934887575,2.373233331300973,0.993350531778588,1.7522503827739049,0.38413803573173955
160 days,10.229048792253158,3.1982884160521166,2.3790313281489395,0.9931411205013307,1.7524269064325793,0.38259304191288696
161 days,10.261899794039604,3.2034200152399004,2.3846519044813053,0.9932737536402362,1.752767629503717,0.38121692207303876
162 days,10.29487595387338,3.2085629110044547,2.390306296922422,0.9929566838771754,1.7531964572903231,0.3799919122347017
163 days,10.330886479082553,3.2141696406821083,2.3962359829195705,0.9930888881122801,1.753721776282962,0.3786341063217853
164 days,10.36778954508009,3.2199052074680847,2.4023063715015818,0.9929581843756337,1.7542523915441781,0.3772914626056178
165 days,10.404472173742898,3.2255964058981244,2.4083379218193977,0.9929581843756337,1.7549178434167716,0.37603252291202655
166 days,10.440638523197407,3.231197691754159,2.4142669101438443,0.9930888881122801,1.7555262824605506,0.3745567846009554
167 days,10.47674468386889,3.2367799869420986,2.4200869318345455,0.9929798014247954,1.7560949602656775,0.3732610652369585
168 days,10.51775013355711,3.2431080977292615,2.4263266876024594,0.9931213937317844,1.7566806342458825,0.37174326763047616
169 days,10.563672495653936,3.2501803789411343,2.4330195639943977,0.9931213937317844,1.7574286875832876,0.3703559978339948
170 days,10.609829986852402,3.2572733976214527,2.4397163345858406,0.9932308389009206,1.758142827128961,0.3689977693421516
171 days,10.657508801040809,3.2645840165388313,2.4465750544894447,0.993239370044139,1.758848227473569,0.36778043021693474
172 days,10.704499670658063,3.2717731691940477,2.4532960737378873,0.9932468525575748,1.7597633556595231,0.3666859729451206
173 days,10.751142618525854,3.278893505212674,2.459877959408804,0.9933593106418627,1.7605837775738242,0.3654339346978176
174 days,10.798145642024538,3.2860532013381247,2.4665285194464897,0.9934227909685556,1.761447162869488,0.36438220146990896
175 days,10.844534528575624,3.29310408711532,2.473169411732118,0.9934151726160162,1.7623222051032834,0.3632357741268632
176 days,10.89061304443294,3.300092884212949,2.4797087243769043,0.9934649117679074,1.7631158264896485,0.3619883886198839
177 days,10.936184953364899,3.306990316490948,2.4860683837793274,0.9935083453394704,1.763816501060094,0.36091417837435913
178 days,10.983678665205549,3.314163343169064,2.492614732478017,0.9935333360705398,1.7644513455867255,0.3598875539727886
179 days,11.030089515918243,3.321157857723454,2.4989256390751757,0.9935905917418018,1.7649938625936283,0.3587544841440666
180 days,11.077095198814076,3.328227035346909,2.5053251159147267,0.9936092071360283,1.7654867217934942,0.35755862920885656
181 days,11.123329313542051,3.3351655601397137,2.51154752081097,0.9937223295919961,1.7659969184994744,0.3564212943033434
182 days,11.16919021135447,3.3420338435381636,2.5176629491696536,0.9936184774136736,1.766429251664193,0.3551991981172094
183 days,11.214486451314281,3.3488037343675847,2.523712444699135,0.9936184774136736,1.7668923557306497,0.3539487861829661
184 days,11.261082085118355,3.3557535793199054,2.529965552302341,0.9937223295919961,1.767479242698344,0.35301365675319896
185 days,11.307405607862242,3.362648600116022,2.5361676583801143,0.9937669852421142,1.7679526684125997,0.35203208411578396
186 days,11.353011265493235,3.369422987025113,2.542266169050251,0.9937267872708515,1.7684262226721226,0.35089246164692084
187 days,11.399459396112565,3.3763085457511974,2.54845889957583,0.9937763420816448,1.7689401197237584,0.3499644894641717
188 days,11.445182846640055,3.3830729886657864,2.554551384674334,0.9938299374486183,1.7695678230743674,0.34913883637891197
189 days,11.48938310231766,3.3895992539410407,2.560416118810074,0.9939552539855359,1.7701722840598824,0.348050457219635
190 days,11.530759030286854,3.3956971346524494,2.565961049608579,0.9939439041742794,1.770840799843578,0.3469469347690913
191 days,11.569738795266053,3.401431874265021,2.5711836707348343,0.9940664125798182,1.7712820540594303,0.34601611157819595
192 days,11.609438808134124,3.4072626561705106,2.5763623841302796,0.9940725488747403,1.7717103644539625,0.3453429395678541
193 days,11.648113482733931,3.412933266668707,2.5812903250931596,0.9940832290161152,1.7719857296849402,0.34466717743819586
194 days,11.685281288413647,3.418374070872532,2.5857969881224814,0.994150704749359,1.7720779943840266,0.3443164752827504
195 days,11.720855884205909,3.4235735546656376,2.5899604529982514,0.9940926030479575,1.7721586927904263,0.34399545814694893
196 days,11.75508807445014,3.428569391809088,2.5938947608825336,0.9942095105136146,1.7721677695791478,0.343734460402562
197 days,11.789525366665199,3.433587827137264,2.597828862845162,0.9944151505302414,1.772310783768895,0.3432930249546694
198 days,11.824021869922516,3.4386075481105016,2.601816792264259,0.9945304522176035,1.772501816199145,0.3431376218907335
199 days,11.857194175072358,3.4434276782114006,2.605560181704397,0.9944745469797445,1.7725651822888093,0.3432725361383019
200 days,11.887881028158743,3.447880657470433,2.6088929832169203,0.9946018697629051,1.7725382290136387,0.34310330844048487
201 days,11.919108576792992,3.452406201012997,2.612232947036677,0.9946236446524435,1.7725596173663862,0.34306067657805484
202 days,11.950544560547318,3.456955967400701,2.6155881035028044,0.9944852507009971,1.7726344488713146,0.34297029702970294
203 days,11.98441489202067,3.4618513676962896,2.619147393557093,0.9945419177088162,1.7726975464850607,0.34277137647119205
204 days,12.016995223499777,3.4665537964237303,2.622631035738586,0.9946236446524435,1.7728018528648941,0.34266713627884526
205 days,12.049069129542222,3.471176908419135,2.6259764184590355,0.9947613851800083,1.772940025980558,0.342328916256465
206 days,12.084977542563315,3.476345429119971,2.6295682879549322,0.9947613851800083,1.7730054908428017,0.3420923398257264
207 days,12.113999133677154,3.480517078492383,2.6325697008510094,0.9948077114537262,1.773074601684904,0.34225215018755056
208 days,12.135026035047893,3.4835364265424142,2.6347347438546316,0.9948247454975625,1.7731562031893064,0.34244796320787313
209 days,12.153045927635295,3.486121903725585,2.63646857614596,0.9949769594228736,1.773272124310835,0.34248228698106103
210 days,12.171977197559263,3.4888360806376766,2.638234137315044,0.995170858312577,1.7733623217612708,0.34246729020728156
211 days,12.190481815383464,3.49148704929339,2.640027126517498,0.9952577324737115,1.7734912641631146,0.34253245740453064
212 days,12.200506438079946,3.492922334962509,2.641137168711899,0.9953400227297629,1.773574357952656,0.34221951468416345
213 days,12.209060528959409,3.494146609539933,2.6420549781244507,0.9955129467619839,1.7736358352843977,0.3421918004074776
214 days,12.216137208951393,3.495159110677423,2.642776970085024,0.995487500157964,1.77368857388424,0.342048307797347
215 days,12.223274929369936,3.496180048191159,2.64344418671659,0.9956801745411923,1.773835687995349,0.3420174853774814
216 days,12.230740798785543,3.497247603299707,2.6440977197036464,0.9957476231152501,1.7740244751658825,0.3424123603286605
217 days,12.236651211155834,3.498092510377025,2.64453753972337,0.9957773608019528,1.774143487545386,0.3429131608813056
218 days,12.238312450001652,3.4983299515628388,2.6446237343445858,0.9958985678638629,1.774349231231997,0.3431386616922562
219 days,12.234907863164468,3.4978433159826454,2.6441504768088806,0.9960682050231938,1.7744181212013275,0.34358761570710517
220 days,12.22310516784476,3.496155769962883,2.6428136568719944,0.9960690407813697,1.7743356251433378,0.3441615861476275
221 days,12.21139220922542,3.4944802487960094,2.641586703258395,0.996444767087407,1.7744201821586096,0.3445480319496398
222 days,12.19881691077251,3.492680476478275,2.640148344145829,0.9964375127280303,1.7744218468328272,0.34500285690160604
223 days,12.186535849947179,3.4909219197723655,2.6387619239221447,0.99677491065803,1.7743747206725085,0.345525786037961
224 days,12.17318552001677,3.4890092461925017,2.637192240935991,0.99694775836465,1.774249436684762,0.3458547593889824
225 days,12.161091980853167,3.4872757248105817,2.635831952932204,0.9971891792940872,1.7741295401352377,0.3459645822805343
226 days,12.14898087360104,3.485538821129531,2.634373159707948,0.9974971402559232,1.773999798062288,0.34635800732796557
227 days,12.137556898029015,3.4838996681920986,2.6331041411691554,0.9977017129732327,1.773932879621458,0.34681619943504316
228 days,12.12333168839264,3.481857505469263,2.6315123680087193,0.9979423860472272,1.77397411184115,0.34698740632185965
229 days,12.108308554999043,3.4796994920537383,2.6297298925414556,0.9981853408876642,1.7740651935574043,0.3472987386636953
230 days,12.09314213665752,3.477519537926066,2.627884258606802,0.9983966858598173,1.77415132475963,0.34756301717128235
231 days,12.080318328685324,3.4756752334884977,2.626352238594028,0.9986930403959915,1.7742508716534915,0.34793540223587577
232 days,12.066035345344503,3.473619919528402,2.624612623934443,0.9988410266760417,1.7741562884696152,0.34830439565695703
233 days,12.05198203257095,3.4715964674153805,2.6228725636646972,0.9991192765356223,1.7739940907758036,0.34888544575694425
234 days,12.037652043674091,3.469531963201102,2.621000941882643,0.9993002859999963,1.773842712887876,0.34932604927680755
235 days,12.024862249630933,3.4676883149485818,2.6193422674153646,0.999564160321477,1.773720475978743,0.3496094213737921
236 days,12.013411199189749,3.4660368144596716,2.6179081340157873,0.999564160321477,1.7737043070270004,0.34988763186609556
237 days,12.001935305946377,3.4643809412283715,2.6165079050475955,0.9998364079017088,1.7737149924850888,0.35030871632132604
238 days,11.989797963419624,3.462628764886531,2.6150540088445373,0.999861773016623,1.7737026393947577,0.35089714075377293
239 days,11.978114191273514,3.4609412290984536,2.6136797120300086,1.0001225294997547,1.7735991973423415,0.3512649883729544
240 days,11.967175468670487,3.459360557772272,2.6123043410854065,1.0002690968143746,1.7733707619173151,0.35175768124200596
241 days,11.957504598473177,3.457962492346205,2.61112479257748,1.0004802578645475,1.7732342254297002,0.3523600405082736
242 days,11.948580859788981,3.4566719340702527,2.610128001937409,1.0005193438224547,1.7731792231105372,0.3525886995956399
243 days,11.93853613430448,3.4552186811118744,2.6089482926357688,1.0007121950805948,1.773122505129411,0.35257014949650667
244 days,11.929182536008163,3.453864869390255,2.607980882146866,1.00064471245833,1.773200161689194,0.3525655022969216
245 days,11.922018353244214,3.452827588114445,2.607370338199187,1.001062722273983,1.7732693450402601,0.3524246337677246
246 days,11.913867692609557,3.4516470985037793,2.606608085350122,1.001160729002019,1.7731539276016086,0.35246360174769836
247 days,11.906017037933477,3.4505096779944666,2.6057552551054157,1.0011301703492927,1.7728815756867515,0.35249037382156045
248 days,11.897288398654247,3.4492446127600527,2.604732215091941,1.001316806197371,1.7725515958187439,0.3527796901492064
249 days,11.891278060411139,3.4483732484189034,2.6039891542198585,1.001429259192594,1.772273934186941,0.35278979161454055
250 days,11.887951567654419,3.4478908868545157,2.6037032020242576,1.001354699159519,1.7721816060457978,0.3527097569276626
251 days,11.885566502539817,3.4475449964488956,2.6036087338358493,1.0014282640218255,1.7721642613954858,0.352629190140186
252 days,11.882569497848863,3.447110311238801,2.603467924280597,1.0014715054280732,1.7721425747045,0.35258638907368994
253 days,11.87681876900058,3.4462760726617043,2.602942689784276,1.001587384217084,1.7719773827063863,0.35247971867130007
254 days,11.870660589691276,3.4453825026680676,2.6023781537241337,1.0014462111740499,1.771802442397028,0.35203995207243216
255 days,11.864208103710352,3.4444459792120927,2.6017325293378435,1.001490387568418,1.7714868028958908,0.35222229647230924
256 days,11.857190521123545,3.443427147642817,2.601154212945563,1.0014282640218255,1.7711718368472078,0.3524375353875051
257 days,11.84966425673766,3.4423341291538883,2.600547059427883,1.001490387568418,1.7708595864634369,0.3528281253804238
258 days,11.845045305874146,3.441663159850793,2.6002937143834064,1.0014462111740499,1.770614715295334,0.3530778644972248
259 days,11.8416863929851,3.441175147095117,2.600149633380707,1.001429259192594,1.7701888841855395,0.353152271748914
260 days,11.837182044832463,3.440520606657147,2.599860674482647,1.0014060709228838,1.7698712448467562,0.35354889458700123
261 days,11.832646043756505,3.439861340774727,2.599463544772736,1.0013186969958687,1.7694983622123197,0.35387919579903365
262 days,11.833494115387097,3.439984609760209,2.599450239899954,1.0014122319707492,1.7690665528012344,0.3540615401989108
263 days,11.838422246090134,3.440700836470694,2.5999130377646757,1.0012801168745336,1.7687121459434456,0.3543096736294254
264 days,11.843895158311657,3.4414960639686423,2.600401239550359,1.0013186969958687,1.7683646875030716,0.3545689445730007
265 days,11.849523590912519,3.4423136973426054,2.6009343425167044,1.0014060709228838,1.7680450688483316,0.354889718650504
266 days,11.853675810953066,3.4429167592251,2.6013082782710963,1.001420862831102,1.7676061454830834,0.35514264469925255
267 days,11.85838282235192,3.443600270407691,2.601829087630942,1.0013133047473946,1.7672547787741077,0.3552323332522288
268 days,11.862948674276513,3.444263154039847,2.602196741715519,1.0012801168745336,1.7667701725915916,0.35543145430537404
269 days,11.87237230224719,3.4456309004661527,2.603036983074198,1.001418637990704,1.766228787569848,0.35558168122572736
270 days,11.885489220593866,3.447533788172912,2.6043147819052646,1.0012007187618526,1.7658376257788873,0.3558492405511152
271 days,11.90096064069788,3.4497768972352225,2.6056980656212216,1.0011710393468942,1.7654044151773194,0.3559660549322865
272 days,11.915170093668433,3.4518357570528226,2.6068969064092857,1.0009119179389627,1.7649870121593294,0.35595629506239845
273 days,11.928586414194028,3.453778570521571,2.6080410041836877,1.0007856063752971,1.7645764257473497,0.35612856937867704
274 days,11.94235230770768,3.455770870255677,2.6092752840964777,1.0007121950805948,1.7640968204727803,0.35647125676650837
275 days,11.954229625741826,3.4574889191061517,2.6101555366596565,1.0006034202781486,1.7634855007021708,0.35676847389651856
276 days,11.966495522346529,3.4592622800745434,2.6111444281477043,1.0003808298630528,1.762959474576548,0.35713393973206764
277 days,11.978765289585313,3.461035291583331,2.612181988365585,1.0000744944871507,1.7624532297914262,0.3573753388523596
278 days,11.99272625365114,3.463051581142149,2.6133687818247098,0.9998610590014377,1.7618755556427417,0.3578239475179663
279 days,12.007499654611157,3.465183927962722,2.6146801447677657,0.9996499426973857,1.7614095291215128,0.3579833881308736
280 days,12.02672575576917,3.4679570002768445,2.6164259774880043,0.9996380440913362,1.7609485238518967,0.35820112446027214
281 days,12.044146980231897,3.4704678330495873,2.617835238994976,0.9991523588556821,1.7602693951368942,0.3585064082967843
282 days,12.061000285955448,3.472895087093108,2.6191812361727873,0.9989663650056805,1.7597634334036398,0.3585434826640724
283 days,12.077808538552583,3.4753141640077065,2.620505398409922,0.9985854913022332,1.759352990649765,0.3589024732013305
284 days,12.094856952188836,3.4777660864682716,2.6219084428058097,0.9981900355338784,1.7590014557383218,0.3593073088504895
285 days,12.111417299714875,3.4801461606827484,2.623267698449044,0.9977759945535287,1.7585706181215544,0.3597124035115801
286 days,12.126933788703631,3.482374734100802,2.62443054583489,0.9975150998661351,1.7581644511435064,0.3601009439318223
287 days,12.142294656682337,3.4845795523538183,2.625571792811021,0.9974913968748597,1.7578859859604417,0.3603671331216297
288 days,12.156975423071595,3.486685449401995,2.6266508373025097,0.9972905503596033,1.7574641369037285,0.36067489184956797
289 days,12.172691003572506,3.4889383777264547,2.627934607333299,0.9969130775016147,1.7569241054019187,0.36097398448008705
290 days,12.191120470032336,3.491578506926679,2.6297295626986927,0.996633572070027,1.7565393009514318,0.3608101035314667
291 days,12.209160786058204,3.4941609559461058,2.631541064163623,0.9964269466540131,1.7561140598008724,0.36067280484695324
292 days,12.227163170517228,3.4967360739005207,2.6333692865864258,0.9964188856909876,1.7557591928382734,0.36057396011731296
293 days,12.24567252766044,3.4993817350584147,2.635274453131018,0.9963554561794679,1.7554157687226999,0.3607683951568913
294 days,12.263820722137005,3.501973832303292,2.6371334852295703,0.9963110881748354,1.7549119807689273,0.3610203884282568
295 days,12.280857549822851,3.5044054488347736,2.6388664384910396,0.996239600661055,1.754323487947694,0.36112712668221775
296 days,12.299929403964322,3.507125518706783,2.6409403222439143,0.9962158430034636,1.7537954870904389,0.3610093414721516
297 days,12.324979481380735,3.510695014008015,2.6436434078752695,0.9962158430034636,1.7534431020123882,0.3609796622452361
298 days,12.354505494445,3.5148976506357905,2.6468083605748536,0.9960184501557441,1.7531675696428617,0.36094482141363965
299 days,12.381626131908638,3.518753491210863,2.6496807390866417,0.9960269844902281,1.7528657811934356,0.3606093171093775
300 days,12.407894438604847,3.522484128935835,2.6524310576403636,0.9959710299060283,1.7525123050668217,0.3608997142062346
301 days,12.435375036481489,3.526382712707384,2.6553601637296844,0.9960099975593512,1.7521426025528732,0.3608381632114062
302 days,12.46186671691496,3.530136926085865,2.658185910314263,0.995877620474447,1.751699732930702,0.3608418025167356
303 days,12.491684971557053,3.5343577877115178,2.661372327871638,0.9958565439153619,1.7512223937069258,0.3608028437437999
304 days,12.521836582844825,3.538620717574126,2.6646339893156865,0.9958072729189062,1.7508357861444872,0.3611613162571947
305 days,12.551610170439647,3.542825167918909,2.667770481650023,0.9958072729189062,1.750543851625475,0.3614773108137999
306 days,12.581471518512691,3.5470370055178013,2.6709963106432446,0.9957870077114205,1.7504795867507097,0.3612584457315611
307 days,12.611271378775283,3.5512351905745816,2.674274802303334,0.9956782679705645,1.750466991380575,0.36105262227546003
308 days,12.640493850594527,3.555347219413953,2.6775064892238203,0.9956059614020991,1.7504312704995035,0.3607926009992304
309 days,12.66909138390594,3.5593667110745892,2.680701765236684,0.995566875102092,1.7505095904950172,0.36095644063461163
310 days,12.698624857477633,3.5635129938696215,2.683993395454608,0.9952596185354347,1.7505334566706974,0.3607026061262538
311 days,12.728683016335621,3.567727990799694,2.6874196075924153,0.9954570619326193,1.7505652311442437,0.36055911351612324
312 days,12.759228219205818,3.5720061896931,2.6909434500718468,0.9954879277085851,1.750719122274997,0.3604441122184735
313 days,12.789401174930168,3.5762272264119583,2.6942864797406774,0.9955452401065691,1.7507855738912963,0.36024026982826995
314 days,12.818891922741749,3.580348016986861,2.697497017808586,0.9955980100706743,1.7508765717307864,0.36013291782864487
315 days,12.84721625244032,3.584301361833338,2.7005725850211175,0.9955547514151638,1.750873511304869,0.35990242502511116
316 days,12.875550803818381,3.5882517754218948,2.7035866173462817,0.995566875102092,1.7508688196359719,0.35967982431513473
317 days,12.905046170832557,3.592359415597576,2.7067890121255362,0.9956059614020991,1.750811773159661,0.359597661225862
318 days,12.934974697026048,3.596522583972753,2.710082156906506,0.9955452401065691,1.7507790587220653,0.35916718339547027
319 days,12.96336698861448,3.600467606938643,2.713402797010373,0.9955547514151638,1.750797849717896,0.3588801981752091
320 days,12.990836372010582,3.604280284884984,2.7166947224346343,0.9955655689129252,1.7508339764726442,0.35830467366309693
321 days,13.018117771555723,3.608062883536777,2.7199970256061587,0.9954952166595799,1.7508788120267875,0.35801302247427014
322 days,13.044287067694375,3.611687565071815,2.72321723882449,0.9955452401065691,1.750897398963438,0.35777012483857085
323 days,13.071031126657951,3.6153881018028966,2.7265924584098262,0.9954395112158629,1.7508606441815375,0.3572186141109385
324 days,13.098109203460027,3.61913100114655,2.730000315363381,0.9954395112158629,1.7508783662860705,0.3564203618603895
325 days,13.125818582396995,3.6229571598898316,2.733580113952444,0.9955235714931295,1.751016759163365,0.3558808400067758
326 days,13.153365160164048,3.6267568377496784,2.7371037752643517,0.9955235714931295,1.7511395934543414,0.35526361457366895
327 days,13.181221447724866,3.6305951919382125,2.740628356286348,0.9954557343384853,1.7513136598445542,0.3549048830483425
328 days,13.209585590425975,3.6344993589799923,2.7442980220233824,0.9955452401065691,1.7515053203382076,0.35429651188181205
329 days,13.23745368590086,3.638331167705994,2.747998598899532,0.9956201807959648,1.7516544709253794,0.35371502367628066
330 days,13.263393049051572,3.6418941567612273,2.751625003751739,0.9957207585133632,1.7518240649471963,0.35339318430897915
331 days,13.288478060197052,3.6453364810668782,2.7552531814566072,0.9957508471461014,1.7521284616650432,0.35269214411631084
332 days,13.316328906273892,3.649154546778458,2.759180576299737,0.9957825710948499,1.7523772651947782,0.35238997781542303
333 days,13.351521829304188,3.6539734302953253,2.7638361137443117,0.9958779016378432,1.7526144125719705,0.3519450474919247
334 days,13.387545751281069,3.6588995273553317,2.7686004585456354,0.9959819608825482,1.752832083908467,0.351136998279121
335 days,13.424073919694989,3.6638878148348084,2.7734531770328674,0.9960984789682705,1.7530041392956097,0.3505019392223322
336 days,13.467016355121492,3.6697433636593026,2.7788122780129676,0.9961627331700904,1.7531466891326846,0.34985837903261024
337 days,13.509328796031648,3.67550388328344,2.7841331246005443,0.9961478125783405,1.753186665958181,0.34884691210141805
338 days,13.552581265076885,3.681383064159024,2.7895960353618974,0.996319715280543,1.7532457056464912,0.3478367064457191
339 days,13.595894832231995,3.6872611559573585,2.794981488522223,0.996319715280543,1.753423170740744,0.34685168406967837
340 days,13.639005482694479,3.693102419740682,2.8003065840229433,0.9964071543137833,1.7535831924254017,0.34629195928539647
341 days,13.681640902376051,3.698870219726025,2.8054836208981957,0.9964434118836963,1.753775390901761,0.3457677191357497
342 days,13.725003515976226,3.704727185094231,2.810725819080066,0.996469267017511,1.7539674675338017,0.34503421986811156
343 days,13.766545919046191,3.7103296240423425,2.8156281512975943,0.9963841048964681,1.7539081596231978,0.3442272922944469
344 days,13.807745172250813,3.7158774431149926,2.820472547118129,0.9963931784670619,1.7539098850083428,0.3436169703926914
345 days,13.848440265250044,3.7213492533286963,2.8250891762820243,0.9963841048964681,1.7538170932252437,0.3431048174665214
346 days,13.887441542787712,3.7265857755843634,2.8293849738854466,0.9964434118836963,1.753787436078564,0.34274582692926336
347 days,13.922600377243388,3.731300092091681,2.833339008266764,0.996469267017511,1.7536826720084506,0.3423852823204154
348 days,13.95347633497533,3.7354352269816338,2.836951274338533,0.9963931784670619,1.753546053563492,0.34204960285700525
349 days,13.985194545513627,3.7396784013486544,2.84079890463684,0.996300782924315,1.7533985033952058,0.3418217530637752
350 days,14.016609213586614,3.743876228401069,2.8446635430721474,0.996300782924315,1.7532837883758956,0.34132013201320127
351 days,14.045581669863452,3.747743543769164,2.8482536916639547,0.9963841048964681,1.7532854691176472,0.3409571580976623
352 days,14.07396671480472,3.7515285837648524,2.8517672204050646,0.9963737488853096,1.7533153594999746,0.340492164112032
353 days,14.100834169451792,3.7551077440536633,2.855112846569152,0.996300782924315,1.753468077758742,0.34011089854865256
354 days,14.12638831413823,3.758508788620592,2.8583586492822644,0.9964650483017924,1.7535587220691413,0.33943850357410565
355 days,14.15256840833149,3.7619899532470167,2.861782504407629,0.9964247375289684,1.7536641309694059,0.3386977294496048
356 days,14.179148747198521,3.76552104591098,2.8652154786276576,0.9964650483017924,1.753676641036781,0.3381626915054455
357 days,14.204501350251203,3.7688859561216765,2.8685239906726645,0.9965086426269942,1.7536947080775227,0.33754627636676715
358 days,14.23060432968446,3.772347323575132,2.8718202046589965,0.9965976915774266,1.7538317445164144,0.336818488086994
359 days,14.256648062951934,3.7757976724067106,2.8750998910069403,0.9966180053824049,1.7539065190563172,0.3358962563969472
360 days,14.282884505588484,3.7792703668285608,2.8783553212316013,0.996799232068623,1.7540985995521883,0.33549660098642103
361 days,14.307007201243215,3.7824604692241284,2.8814140321861714,0.996857863753257,1.7543094645669104,0.33470324743979657
362 days,14.33160323478282,3.785710400279295,2.8845520568236043,0.9969762011339725,1.7543602786685617,0.33410933308053764
363 days,14.35754405271996,3.789135000593138,2.887945437373608,0.9969762011339725,1.7545085033484624,0.33352231726008136
364 days,14.387563069661473,3.7930941287636766,2.891800333842927,0.9970982267845065,1.754577747915886,0.33283397905007894
365 days,14.41825149352708,3.7971372760972284,2.8957140208653533,0.99717146845106,1.7547550135949355,0.33220410887969704
366 days,14.446822029903323,3.800897529518959,2.8994713970250423,0.9972478161787147,1.754950515483782,0.3314295956357526
367 days,14.477800505567721,3.8049704999602456,2.903597761496643,0.997235304178938,1.7552586661257508,0.3306137080510751
368 days,14.510742537020425,3.8092968559854223,2.907941462410329,0.9971863428256877,1.7556754877256364,0.32999881372535306
369 days,14.543933393674116,3.8136509270873384,2.9122747465885914,0.997235304178938,1.7560389864391783,0.32927953759117873
370 days,14.574578396425727,3.8176666167209685,2.9162445451267645,0.997294328782488,1.7564610853111775,0.3286921792368273
371 days,14.6059408548787,3.8217719522335054,2.920285284595947,0.9972698715913788,1.7568805994095915,0.3277802733014322
372 days,14.644801373096124,3.826852671987272,2.9249659838185234,0.9973092322953604,1.7572885206632198,0.32688808042631295
373 days,14.684001620158728,3.8319709837313134,2.929727807357297,0.9973840541156497,1.757729474688674,0.32640491137008604
374 days,14.723237802174712,3.8370871507140296,2.9344869752428075,0.997508503243725,1.7580737723148694,0.3258799761740328
375 days,14.762383761066737,3.8421847640459377,2.939169940261363,0.9975050527423245,1.7583468548363927,0.3253054895730424
376 days,14.802816342672047,3.8474428316314264,2.9439403559291732,0.9976015824017713,1.7585462920502901,0.3248992712846512
377 days,14.842051078469517,3.8525382643744783,2.9485165388176338,0.9977219224080476,1.7587120756472003,0.32426584363035266
378 days,14.887648238514165,3.858451533778047,2.9534940585343583,0.99774184708607,1.7588694029451932,0.32341050740234706
379 days,14.93597994436,3.8647095549808137,2.9587230626924645,0.99774184708607,1.75902636037687,0.3227314569472957
380 days,14.982464069431435,3.870718805264913,2.963723644384433,0.9978847778209273,1.7590294847895929,0.3219612859002509
381 days,15.027271953415818,3.8765025413916367,2.96853500566125,0.9981475624793299,1.7590249863917669,0.3214544163205811
382 days,15.068961456697854,3.881876022839711,2.973059501020253,0.998131838768392,1.7591275926534116,0.32057591120388235
383 days,15.09468808226135,3.8851882943123037,2.9764022860006514,0.9981475624793299,1.7592621952493512,0.31983625325310133
384 days,15.117112064157256,3.8880730528318597,2.979355439050828,0.9983989711076818,1.759382958498016,0.3190975195463354
385 days,15.137579502076866,3.8907042424318075,2.9820754061332555,0.998424728321798,1.7595687864627698,0.31822735676214126
386 days,15.153034756321452,3.8926899126852437,2.9842942913348853,0.9984735827708942,1.7598826130195038,0.3173305401486625
387 days,15.16599817080104,3.894354653957577,2.9862877705727033,0.9984705369925384,1.7601277781869331,0.3168750406476369
388 days,15.179699252502921,3.8961133521116813,2.9882399519763476,0.9985612555669036,1.7602952317262686,0.3164259810403937
389 days,15.187773959219522,3.8971494658557195,2.9895984550488732,0.9985054496692188,1.760416852501273,0.31602208547410887
390 days,15.195323845039567,3.898117987572922,2.9907731191553544,0.9987818698822268,1.7605626994602952,0.3154984406792259
391 days,15.20309413813741,3.8991145325749805,2.991967223091201,0.998943673334633,1.7607413105530136,0.3149300175661892
392 days,15.209686625314037,3.899959823551268,2.993042714895644,0.9992284292010104,1.7608953478546803,0.3145472392229771
393 days,15.215433584413708,3.9006965511833536,2.9939929640734664,0.9992284292010104,1.7611256757126266,0.3143006185722952
394 days,15.218130530867167,3.9010422364884962,2.994665463518499,0.9993530842456065,1.7614087873776971,0.3140397711963877
395 days,15.223022672126117,3.9016692161337967,2.9957254286747506,0.9993741405180341,1.7617410862093255,0.3134658007558654
396 days,15.226756091220048,3.9021476255031726,2.9966158868740784,0.9995375864719306,1.7620263194967396,0.31303532292547365
397 days,15.231530155227263,3.9027593001909895,2.9977039004241552,0.9999470481657482,1.76245999025504,0.31255684217154905
398 days,15.236395572432611,3.903382580843519,2.998743666883019,0.9999807963858498,1.7629381378981055,0.31175582634389637
399 days,15.239870671158641,3.903827694860346,2.9996623954078183,1.0002219115421687,1.7634453224126554,0.31121155593820254
400 days,15.257920962685926,3.9061388816433453,3.0013662507318095,1.0004811555872586,1.7639921144589974,0.31073324723776724
401 days,15.27655508916176,3.9085233898701133,3.0030680775800653,1.000540855760991,1.7644169747738059,0.31015280149895386
402 days,15.297166119356122,3.9111591784733233,3.0050645270060423,1.0005621078856732,1.7648211304157468,0.30957468686752526
403 days,15.317630246317451,3.9137744245571247,3.0070328234549444,1.0009646100630745,1.7651287735158938,0.3090027885224561
404 days,15.338414936132589,3.91642884987492,3.009019446497437,1.0011906228259726,1.7654975364326322,0.3085671304534314
405 days,15.357950362540054,3.918922091920182,3.010755207922595,1.001274417905213,1.7659160427099623,0.3081449212974227
406 days,15.374951256026343,3.921090569730103,3.012221797258327,1.0010423652100349,1.766290608014788,0.307794518582293
407 days,15.39217955502332,3.9232868305826583,3.013659236058137,1.001005771241478,1.7665536330385412,0.30757251055918444
408 days,15.409404413649044,3.9254814244432548,3.015100042966228,1.0008935032076103,1.7667055650551267,0.3074704739348523
409 days,15.497843861740682,3.9367300976496575,3.018677764622454,1.0005621078856732,1.7668573349891872,0.3072327009816034
410 days,15.586067136096668,3.9479193426533765,3.022193605724387,1.0004811555872586,1.7670172759499674,0.3068270882966495
411 days,15.677168405281089,3.9594404156750596,3.0259637973596147,1.0004907036011026,1.7669932351564648,0.3066361965030281
412 days,15.767621583261656,3.9708464567723665,3.0295512802916447,1.0000901588591775,1.7670117671204424,0.30647629980389346
413 days,15.86246379025117,3.982770868409476,3.0334051789839385,0.9994711785053176,1.7669787007716227,0.30624714645377576
414 days,15.951620019894303,3.9939479240338502,3.0367059842475035,0.9992408835230515,1.7669483100787216,0.30597927467604985
415 days,16.048185183403657,4.006018619952191,3.0404477315230287,0.9988823631751359,1.7669735267400952,0.3056133583849674
416 days,16.152893626314132,4.019066262991211,3.044973834971123,0.9984735827708942,1.7669745073880454,0.3054025226726094
417 days,16.255917813756945,4.031862821793041,3.049074312636553,0.9983230709588137,1.7668866214373462,0.30497178583028606
418 days,16.35724419872809,4.044409004876743,3.0529557474410063,0.9980040198364604,1.7668038518019107,0.3045413079998943
419 days,16.458301034454056,4.0568831674641626,3.0569233102856868,0.9979186398751785,1.766904996110193,0.30414532474041356
420 days,16.560959927580953,4.069515932832915,3.061098933941564,0.9978798978344062,1.7669616688332284,0.3039859638137727
421 days,16.661504967914738,4.0818506792770775,3.065078070736771,0.9975401414680181,1.766985043333115,0.30367715410482443
422 days,16.762693516780164,4.0942268521395055,3.069035107936975,0.9974884096396519,1.767010451317241,0.30345449393471763
423 days,16.902315728211075,4.111242601478423,3.074395527798511,0.9973718205001418,1.7669474818858086,0.3030633859179357
424 days,17.054434323453176,4.129701481154925,3.080625623896747,0.9972258294227553,1.7671270659569007,0.30262125255062
425 days,17.207804578995518,4.1482290895025935,3.087000648517957,0.9972258294227553,1.7674857741375336,0.30233426733035884
426 days,17.361262905017316,4.166684881895596,3.0933770389180566,0.9970303840406003,1.767845277422005,0.30195056367640544
427 days,17.5214870285335,4.185867535951598,3.1004003564596725,0.996805127442003,1.7682927862211597,0.3013177839523083
428 days,17.6743254136794,4.204084372806926,3.106958678433169,0.996780750886453,1.7687418707316787,0.30085045366540436
429 days,17.82841921424888,4.222371278588476,3.113669983072617,0.996805127442003,1.7693214961188775,0.30048336806683335
430 days,17.983813810179004,4.240732697327079,3.1204087956753463,0.996544897819255,1.769943836026171,0.3001963828465722
431 days,18.151146349789443,4.260416217905176,3.128108876388858,0.9964769350575108,1.7706006036327389,0.29966022814806986
432 days,18.320813064916774,4.280281890824105,3.1360396075003005,0.9961762082331819,1.771231041695947,0.29924710411709826
433 days,18.49963291467005,4.301119960506804,3.1445752974709604,0.9964769350575108,1.7718145525302682,0.2987586329521421
434 days,18.70580169825997,4.3250204274962645,3.1545793986012716,0.995956213665816,1.7724690087131565,0.2982733925566469
435 days,18.9142202996392,4.3490482061756,3.1648562389795396,0.9959830201398754,1.7730366833714166,0.29786830289834276
436 days,19.13429079082123,4.374276030478784,3.1758472161306623,0.9959472100976732,1.7735297223148763,0.2976474464272671
437 days,19.357030463091007,4.3996625396831295,3.18714048610725,0.9957580176715868,1.7738995668090893,0.29719900360383245
438 days,19.590795811132104,4.426149094995796,3.1990234847389174,0.9959288357157425,1.774380200062859,0.2966991021904818
439 days,19.82833262792729,4.452901596479231,3.211233073267724,0.9957480310684124,1.7748707254659417,0.2962077174248548
440 days,20.065690003371646,4.479474299889625,3.223415476284072,0.9959288357157425,1.775322046356881,0.2958069076410074
441 days,20.306675471556723,4.50629287458735,3.235859350195045,0.9956603208764254,1.7757532671233058,0.2953621212782904
442 days,20.584227880626894,4.536984447915476,3.2497090977205225,0.9956324477794601,1.7763008429200775,0.29494595198022394
443 days,20.86522734570329,4.567847123722869,3.264068438187336,0.9956398593824817,1.7768137550272551,0.2942646313427089
444 days,21.16151495499992,4.600164666074457,3.279433954100185,0.995606286024935,1.777471045585556,0.29375440671999636
445 days,21.455711502972544,4.632031034327441,3.294501200868231,0.9957480310684124,1.778183119822362,0.29306765521719513
446 days,21.749902188565294,4.663679040046098,3.309577145452299,0.9957580176715868,1.778941546589542,0.2925086534302476
447 days,22.043431519036854,4.695043292562578,3.324591789628843,0.995956213665816,1.7797128542855287,0.29182019598914843
448 days,22.36641641887105,4.7293145823545135,3.340783155598454,0.9959855360706096,1.7804263141102283,0.2913071552901982
449 days,22.689536188015555,4.763353460327667,3.356887087408575,0.9960461218208536,1.7810380716255336,0.2906722551081038
450 days,23.028267283719938,4.798777686423902,3.373184880504926,0.9962573867364225,1.781605639006981,0.2899923711482816
451 days,23.388587485437906,4.836174881601978,3.3901283906644495,0.9962425435921529,1.7822130253479018,0.28956137715742175
452 days,23.746941806302008,4.8730833982502295,3.406847470281041,0.9964597965473219,1.7827809046506218,0.2888428817858326
453 days,24.10512263210199,4.909696796351277,3.423666862748212,0.9964597965473219,1.7834327365094664,0.28831226882463035
454 days,24.463745664393098,4.946083871548591,3.4405524280739184,0.9966831386409978,1.7841057464817833,0.28778893428504676
455 days,24.823462931342473,4.982315017272842,3.457351688365047,0.9968061005254207,1.7846644629982302,0.287341612233057
456 days,25.194095709331943,5.019372043326928,3.474981759358647,0.9969170636728327,1.7852214296994475,0.28678448601413276
457 days,25.56535404084645,5.056219342636003,3.492679045203681,0.9970456004610488,1.7857957471146517,0.2862491754336522
458 days,25.936283857779568,5.092767799318909,3.510417320061284,0.9971813749042753,1.7864177564250725,0.2852911816048668
459 days,26.262639102452948,5.124708684642762,3.526960909746275,0.9973044740067666,1.7869805349525245,0.28456804078906484
460 days,26.56670636922134,5.1542900936231115,3.543039494285531,0.9974514829172161,1.787473909095541,0.28372618306560093
461 days,26.8693782307104,5.183568098396162,3.559059832354101,0.9974641575771748,1.7880687066098222,0.28275063419071467
462 days,27.182363157387528,5.213670794880276,3.5757841760241544,0.9977251330880026,1.7886386462642472,0.2817051081289604
463 days,27.494642461645082,5.243533394729654,3.592609318833756,0.9978250395870335,1.7893011660229943,0.2809743303635025
464 days,27.806861577972153,5.2732211766596855,3.6095192748278744,0.9979881606962521,1.7900040354586704,0.2801213183564212
465 days,28.116337710124924,5.302484107484427,3.6264109709615253,0.9982613714775931,1.790716677103461,0.2793473357345118
466 days,28.418859826744615,5.330934235830021,3.6426325260968846,0.9985109923886761,1.7913772723628736,0.278414375688429
467 days,28.71986527945296,5.359091833459561,3.6587510670099737,0.9985776182574235,1.7921529878032212,0.27772452722281926
468 days,29.020787240581576,5.38709450822812,3.67502608713213,0.9987564156041533,1.7929231732627344,0.27720104454331795
469 days,29.321552854675303,5.414937936364119,3.691236177428102,0.9988109394953275,1.7934409597425696,0.27653417515664613
470 days,29.626614203439924,5.443033547888523,3.7077952856815357,0.9989498298897579,1.7940711715121096,0.2757119849482986
471 days,29.954766529150135,5.473094785324856,3.7255943017831106,0.999059428075884,1.79466116861327,0.274845642212016
472 days,30.281597361447393,5.502871737688186,3.743593944573314,0.9989607965799313,1.7953481639302822,0.27403578643757404
473 days,30.591018285906213,5.530914778398436,3.7611313188399405,0.9990659815245077,1.7961764226266546,0.27312424705091715
474 days,30.8780022183805,5.556797838537992,3.7776071556606463,0.9991092967673834,1.7970075593787596,0.27217193098728076
475 days,31.15995980855997,5.582110694760537,3.793639902316221,0.9991004652641864,1.7976908400780771,0.2713212146830756
476 days,31.438185686326904,5.6069765191524485,3.809335598965741,0.999093647332552,1.798218835665822,0.2703977864705185
477 days,31.71015725109635,5.631177252679616,3.8245437761766112,0.9990771128276541,1.7985716977998136,0.269719743909723
478 days,31.98222477847781,5.655282908792257,3.8396732890008374,0.9990659815245077,1.7988164725471034,0.26915703769313437
479 days,32.26776462826564,5.680472218774214,3.855501128147291,0.9990909379483324,1.7990009969190413,0.2684917068497591
480 days,32.54830312108862,5.705112016524183,3.8709517699993876,0.9989882099916362,1.799204317571776,0.2677437418832136
481 days,32.82480989569471,5.7292940137240915,3.8861453337079688,0.9990436929660862,1.7993731166020728,0.2669822468041813
482 days,33.09769532999069,5.753059649437914,3.90108281719839,0.9990590494173842,1.7995206085755253,0.26626145601327617
483 days,33.36836308524249,5.776535560804806,3.9159474571546156,0.9990771128276541,1.7997051765381995,0.26562491031711866
484 days,33.63297214111535,5.79939411845025,3.930672067896393,0.9991118547844303,1.7997966625765454,0.2648265299119704
485 days,33.89171175563967,5.8216588491288,3.9452442719792367,0.9990659815245077,1.7999663049156234,0.26433514486278326
486 days,34.15020626310946,5.84381778147723,3.960003735605154,0.9990659815245077,1.800153346019288,0.2634886938701718
487 days,34.4073314746172,5.865776289172406,3.974866157979818,0.9991004652641864,1.8004305246111205,0.26265312137868946
488 days,34.66022123018012,5.887293200629651,3.9895498043503377,0.9991118547844303,1.8007668521879339,0.2617981229923338
489 days,34.91037579378936,5.908500299889082,4.004261622052604,0.9991118547844303,1.8011674592944493,0.26102059638856134
490 days,35.15764254534932,5.929388041387519,4.01883064308397,0.9990590494173842,1.8016070215358784,0.2602040204020402
491 days,35.40990989653534,5.950622647802105,4.03374239370278,0.9991418586321703,1.802041549665044,0.25944217767712496
492 days,35.64390499902648,5.970251669655684,4.047978517285076,0.9991118547844303,1.802233044143584,0.25841102396222987
493 days,35.86467387076137,5.9887122047032255,4.061936103688657,0.9991092967673834,1.8025966458553953,0.2574653713997989
494 days,36.08250395903152,6.0068713952465735,4.0757797663653825,0.9991118547844303,1.8029121495027027,0.2564777589044417
495 days,36.29635179038871,6.024645366358813,4.089617570799563,0.9991118547844303,1.8032199096557844,0.25537125993246007
496 days,36.51116825845337,6.042447207750628,4.103616296706592,0.9991004652641864,1.8035683113939192,0.2545400333984249
497 days,36.741471157024016,6.061474338560217,4.1185834749012225,0.9990436929660862,1.8039948807876967,0.2534536062301882
498 days,36.95411817212549,6.078989897353465,4.132607311423914,0.9989050961936994,1.8042261254490835,0.2526351170088653
499 days,37.15606782058406,6.095577726564075,4.146489699396718,0.9989251521896416,1.8045810610738946,0.25169277247925703
500 days,37.35842593690762,6.112153952323814,4.160975119889508,0.9988768763776756,1.805075361185664,0.2506520625379129
501 days,37.53593731819426,6.126657924039358,4.174682662462483,0.9989807720219298,1.8054442298104008,0.2496105755607738
502 days,37.702500909462884,6.1402362258680965,4.18815593277837,0.9989807720219298,1.8058844353194998,0.24851961730469074
503 days,37.867558954929414,6.153662239262845,4.2014889548401495,0.9989697379378131,1.8062422726412612,0.24752475247524752
504 days,38.03056124407383,6.16689234899344,4.214725562963735,0.9989050961936994,1.8066218285800364,0.24649056209968823
